Player	Team	Age	Height	Weight	COLLEGE	COUNTRY	DRAFT YEAR	DRAFT ROUND	DRAFT NUMBER	GP	PTS	REB	AST	NETRTG	OREB%	DREB%	USG%	TS%	AST%
A.J. Lawson	TOR	25	6-6	179	South Carolina	Canada	Undrafted	Undrafted	Undrafted	24.0	4.2	1.8	0.3	-3.1	3.9	15.6	17.2	58.8	4.6
A.J. Green	MIL	26	6-4	190	Northern Iowa	deer	Undrafted	Undrafted	Undrafted	78.0	10.4	2.7	1.9	-3.6	1.3	8.0	13.5	62.7	9.0
A.J. Johnson	DAL	21	6-5	160	None	deer	2024	1	23	48.0	3.3	1.1	1.0	-6.4	2.7	8.9	19.5	41.3	15.1
Aaron Gordon	DEN	30	6-8	235	Arizona	deer	2014	1	4	36.0	16.2	5.8	2.7	12.7	5.2	14.8	21.3	62.0	13.0
Aaron Holiday	HOU	29	6-0	185	UCLA	deer	2018	1	23	57.0	5.5	1.0	1.1	8.3	1.6	5.4	15.9	57.8	10.5
Aaron Nesmith	IN	26	6-5	215	Vanderbilt	deer	2020	1	14	45.0	13.8	4.2	1.9	-7.3	3.4	10.2	19.0	55.4	9.1
Aaron Wiggins	OKC	27	6-5	190	Maryland	deer	2021	2	55	65.0	9.4	3.1	1.7	6.2	2.8	10.1	19.4	53.8	11.0
Ace Bailey	UTA	19	6-9	200	Rutgers	deer	2025	1	5	72.0	13.8	4.2	1.8	-10.7	4.8	9.7	21.0	53.3	9.8
Adama Bal	MEM	22	6-7	190	Santa Clara	France	Undrafted	Undrafted	Undrafted	8.0	10.4	3.1	2.4	-30.3	2.2	8.0	13.4	57.3	11.9
Adem Bona	PHI	23	6-10	235	UCLA	Nigeria	2024	2	41	71.0	4.8	4.3	0.5	0.3	9.9	13.8	10.8	63.8	3.4
Adou Thiero	LAL	22	6-7	220	Arkansas	deer	2025	2	36	25.0	1.9	1.1	0.4	-13.2	6.8	13.9	14.3	57.8	9.4
Ajay Mitchell	OKC	23	6-4	190	California-Santa Barbara	Belgium	2024	2	38	57.0	13.6	3.3	3.6	15.6	2.7	9.3	21.0	58.5	19.4
Al Horford	GSW	40	6-8	240	Florida	Dominican Republic	2007	1	3	45.0	8.3	4.9	2.6	-0.9	4.3	18.4	16.3	55.4	17.1
Alex Antetokounmpo	MIL	24	6-8	214	None	Greece	Undrafted	Undrafted	Undrafted	6.0	3.2	1.0	0.2	12.8	8.3	13.8	31.4	65.1	8.3
Alex Caruso	OKC	32	6-5	186	Texas A&M	deer	Undrafted	Undrafted	Undrafted	56.0	6.2	2.8	2.0	17.6	2.8	11.3	15.2	54.0	14.5
Alex Morales	ORL	28	6-6	210	Wagner	deer	Undrafted	Undrafted	Undrafted	4.0	2.0	0.8	1.0	16.3	4.3	11.1	20.3	50.8	19.0
Alex Sarr	WAS	21	7-0	205	None	France	2024	1	2	48.0	16.3	7.4	2.7	-12.4	7.3	17.9	25.2	54.4	16.1
Alijah Martin	TOR	24	6-2	210	Florida	deer	2025	2	39	23.0	2.2	0.9	0.5	-5.8	5.3	8.6	18.5	43.7	12.9
Alonde Williams	WAS	26	6-4	210	Wake Forest	deer	Undrafted	Undrafted	Undrafted	4.0	11.0	6.3	3.0	15.6	5.4	19.2	14.1	74.5	14.0
Alperen Sengun	NEW	23	6-11	243	None	Turkey	2021	1	16	72.0	20.4	8.9	6.2	3.4	8.9	17.7	25.9	56.9	28.2
Amari Williams	BOS	24	6-11	250	Kentucky	United Kingdom	2025	2	46	22.0	1.4	1.8	0.5	-17.4	5.4	18.7	10.3	57.3	11.6
Amen Thompson	NEW	23	6-7	200	None	deer	2023	1	4	79.0	18.3	7.8	5.3	6.6	7.8	12.3	19.5	59.4	20.2
Amir Coffey	PHX	28	6-7	210	Minnesota	deer	Undrafted	Undrafted	Undrafted	46.0	3.2	1.2	0.6	-2.2	3.9	7.3	11.7	59.4	7.6
Andersson Garcia	UTA	25	6-7	220	Texas A&M	Dominican Republic	Undrafted	Undrafted	Undrafted	5.0	5.2	8.4	2.8	-9.8	8.9	15.0	9.4	39.4	10.7
Andre Drummond	PHI	32	6-11	279	Connecticut	deer	2012	1	9	63.0	6.4	8.4	1.3	-3.2	14.5	26.4	14.3	53.9	9.0
Andre Jackson Jr.	MIL	24	6-6	209	Connecticut	deer	2023	2	36	48.0	2.4	1.5	0.9	-7.5	5.9	12.6	17.0	42.5	16.0
Andrew Nembhard	IN	26	6-4	191	Gonzaga	Canada	2022	2	31	57.0	16.9	2.8	7.7	-10.0	1.3	7.5	23.3	56.4	37.0
Andrew Wiggins	MY	31	6-6	197	Kansas	Canada	2014	1	1	68.0	15.4	4.8	2.7	-0.1	5.1	9.8	19.4	58.6	12.3
Anfernee Simons	SPEND	27	6-3	200	None	deer	2018	1	24	55.0	14.3	2.5	2.4	3.0	2.1	7.5	22.7	57.6	15.1
Anthony Black	ORL	22	6-7	200	Arkansas	deer	2023	1	6	64.0	15.0	3.8	3.7	0.2	2.4	10.1	21.9	54.9	18.5
Anthony Davis	WAS	33	6-10	253	Kentucky	deer	2012	1	1	20.0	20.4	11.1	2.8	-4.6	9.9	24.0	27.2	55.1	14.0
Anthony Edwards	MIN	24	6-4	225	Georgia	deer	2020	1	1	61.0	28.8	5.0	3.7	3.5	1.7	12.0	30.9	61.7	17.4
Anthony Gill	WAS	33	6-7	230	Virginia	deer	Undrafted	Undrafted	Undrafted	55.0	5.8	2.9	1.3	-14.4	5.9	11.2	11.6	68.2	10.1
Antonio Reeves	CHA	25	6-5	205	Kentucky	deer	2024	2	47	10.0	2.7	0.8	0.3	19.7	2.9	10.0	13.3	67.5	6.8
Ariel Hukporti	NY	24	7-0	246	None	Germany	2024	2	58	54.0	2.2	2.9	0.5	3.1	10.4	19.2	10.4	61.9	8.0
Asa Newell	ATL	20	6-10	220	Georgia	deer	2025	1	23	44.0	5.2	2.2	0.6	-3.8	7.8	10.6	16.0	62.4	7.2
Ausar Thompson	THE	23	6-7	205	None	deer	2023	1	5	73.0	9.9	5.7	3.1	11.6	8.0	13.5	16.8	54.5	15.5
Austin Reaves	LAL	28	6-5	197	Oklahoma	deer	Undrafted	Undrafted	Undrafted	51.0	23.3	4.7	5.5	5.0	2.0	11.7	25.8	64.1	23.7
Ayo Dosunmu	MIN	26	6-4	201	Illinois	deer	2021	2	38	69.0	14.8	3.4	3.6	-1.5	2.4	9.3	19.7	63.0	20.2
Bam Adebayo	MY	28	6-9	255	Kentucky	deer	2017	1	14	73.0	20.1	10.0	3.2	6.1	5.9	23.6	24.8	55.1	14.2
Baylor Scheierman	BOS	25	6-6	205	Creighton	deer	2024	1	30	77.0	5.5	3.5	1.5	7.3	3.8	13.8	11.7	61.6	10.8
I am Saraf	BKN	20	6-6	200	None	Israel	2025	1	26	44.0	7.5	2.1	3.3	-12.5	2.1	8.5	20.2	48.6	24.4
Ben Sheppard	IN	24	6-6	190	Belmont	deer	2023	1	26	65.0	7.1	3.0	1.8	-8.8	2.8	10.6	13.1	56.1	11.2
Bennedict Mathurin	LAC	23	6-5	210	Arizona	Canada	2022	1	6	54.0	17.6	5.4	2.4	-3.9	3.4	14.2	24.6	57.5	12.3
Without Mbeng	UTA	23	6-4	185	Yale	deer	Undrafted	Undrafted	Undrafted	15.0	8.1	3.8	4.1	-13.2	3.2	7.8	10.6	55.0	15.8
Bilal Coulibaly	WAS	21	6-7	195	None	France	2023	1	7	56.0	11.7	4.3	2.6	-12.8	3.0	12.8	19.3	53.1	13.7
Bismack Biyombo	SAS	33	6-8	255	None	DRC	2011	1	7	25.0	0.9	1.0	0.2	-32.9	4.0	15.6	8.2	63.6	5.6
Blake Hinson	UTA	26	6-8	230	Pittsburgh	deer	Undrafted	Undrafted	Undrafted	14.0	11.9	2.4	1.1	6.7	3.5	7.1	17.5	68.4	7.7
Blake Wesley	BY	23	6-4	190	Our Lady	deer	2022	1	25	31.0	4.8	1.3	2.0	-8.6	2.0	8.7	18.9	51.1	25.4
Bobby Portis	MIN	31	6-9	250	Arkansas	deer	2015	1	22	67.0	13.7	6.4	1.6	-8.2	5.5	19.8	22.5	58.7	10.3
Bobi Klintman	THE	23	6-9	225	None	Sweden	2024	2	37	12.0	1.8	1.6	0.5	-4.3	5.6	17.9	18.0	38.8	12.8
Bogdan Bogdanovic	LAC	33	6-5	225	None	Serbia	2014	1	27	23.0	7.4	2.6	2.2	-4.4	1.4	11.2	18.5	52.5	18.4
Bones Hyland	MIN	25	6-2	169	Virginia Commonwealth	deer	2021	1	26	71.0	8.5	1.8	2.6	5.2	1.8	8.5	19.7	59.9	22.2
Bradley Beal	LAC	32	6-4	207	Florida	deer	2012	1	3	6.0	8.2	0.8	1.7	-9.3	1.9	2.5	22.4	47.6	10.6
The Carlson Fire	OKC	27	7-0	220	Utah	deer	Undrafted	Undrafted	Undrafted	42.0	5.8	3.0	0.7	-2.0	5.7	18.2	18.5	61.3	8.6
Brandin Podziemski	GSW	23	6-4	205	Santa Clara	deer	2023	1	19	82.0	13.8	5.1	3.7	-0.1	2.9	14.7	19.6	58.3	19.8
Brandon Clarke	MEM	29	6-8	215	Gonzaga	Canada	2019	1	21	2.0	4.0	3.0	0.5	-22.2	15.4	7.7	19.3	37.2	7.1
Brandon Ingram	TOR	28	6-8	190	Duke	deer	2016	1	2	77.0	21.5	5.6	3.7	1.0	2.4	14.4	26.4	57.3	16.9
Brandon Miller	CHA	23	6-7	200	Alabama	deer	2023	1	2	65.0	20.2	4.9	3.3	8.5	3.4	12.2	27.2	57.4	17.3
Brandon Williams	FROM THE	26	6-1	190	Arizona	deer	Undrafted	Undrafted	Undrafted	66.0	13.0	2.9	3.9	-4.4	1.9	10.5	24.2	57.2	25.6
Brice Sensabaugh	UTA	22	6-6	235	Ohio State	deer	2023	1	28	75.0	14.9	3.1	1.9	-9.4	3.0	9.7	24.4	59.0	12.4
Bronny James	LAL	21	6-2	210	Southern California	deer	2024	2	55	42.0	2.9	0.5	1.2	-8.0	1.4	5.0	16.3	51.7	19.5
Brook Lopez	LAC	38	7-1	282	Stanford	deer	2008	1	10	75.0	8.5	3.6	1.3	1.2	3.0	13.5	17.1	55.2	8.7
Brooks Barnhizer	OKC	24	6-5	230	Northwestern	deer	2025	2	44	40.0	1.7	2.0	0.6	-14.5	4.9	15.9	10.3	45.1	9.4
Bruce Brown	IT	29	6-4	202	Miami	deer	2018	2	42	82.0	7.9	3.9	2.1	-1.0	4.3	10.9	14.2	56.2	12.1
Bryce McGowens	NOP	23	6-6	190	Nebraska	deer	2022	2	40	42.0	8.1	2.1	1.5	-3.6	1.3	8.2	13.6	61.0	9.1
Bub Carrington	WAS	20	6-4	190	Pittsburgh	deer	2024	1	14	82.0	10.7	3.4	4.6	-15.3	1.3	10.4	17.4	55.6	23.1
Buddy Boeheim	OKC	26	6-5	205	Syracuse	deer	Undrafted	Undrafted	Undrafted	4.0	1.5	0.0	0.0	12.0	0.0	0.0	15.8	50.0	0.0
Buddy Loved	ATL	33	6-4	220	Oklahoma	Bahamas	2016	1	6	51.0	7.6	2.3	1.4	-4.9	3.2	10.6	19.2	56.8	12.9
CJ Huntley	PHX	24	6-11	230	Appalachian State	deer	Undrafted	Undrafted	Undrafted	4.0	3.0	1.3	0.5	17.6	5.3	8.1	10.7	54.5	5.3
CJ McCollum	ATL	34	6-3	190	Lehigh	deer	2013	1	10	76.0	18.7	3.3	3.9	1.5	2.5	7.7	24.7	56.6	19.4
Cade Cunningham	THE	24	6-6	220	Oklahoma State	deer	2021	1	1	64.0	23.9	5.5	9.9	11.4	2.5	13.2	29.6	56.4	43.0
Caleb Houstan	ATL	23	6-8	205	Michigan	Canada	2022	2	32	18.0	2.3	0.6	0.2	-0.6	6.6	8.1	16.8	76.9	8.3
Caleb Love	BY	24	6-3	212	Arizona	deer	Undrafted	Undrafted	Undrafted	49.0	10.4	2.3	2.5	-6.3	2.3	8.3	22.8	49.7	18.7
Caleb Martin	FROM THE	30	6-5	205	Nevada	deer	Undrafted	Undrafted	Undrafted	58.0	3.9	2.5	1.4	-9.2	3.0	12.5	12.2	52.6	13.1
Cam Christie	LAC	20	6-5	190	Minnesota	deer	2024	2	46	55.0	2.8	1.4	0.6	-0.6	4.4	11.8	16.8	48.4	9.7
Cam Spencer	MEM	26	6-3	205	Connecticut	deer	2024	2	53	72.0	11.1	2.5	5.6	-3.6	2.2	8.2	16.6	64.9	33.2
Cam Thomas	MIL	24	6-3	210	Louisiana State	Japan	2021	1	27	42.0	13.5	1.7	2.6	-12.1	1.2	7.1	29.5	53.0	20.8
Cam Whitmore	WAS	21	6-6	230	Villanova	deer	2023	1	20	21.0	9.2	2.8	0.7	-19.6	4.9	10.2	22.5	52.8	6.7
Cameron Johnson	IT	30	6-8	210	North Carolina	deer	2019	1	11	54.0	12.2	3.8	2.4	9.5	2.7	9.5	14.4	62.9	9.8
Cameron Payne	PHI	31	6-2	183	Murray State	deer	2015	1	14	22.0	7.4	2.0	2.6	-8.1	0.7	10.3	18.3	51.4	22.0
Caris LeVert	THE	31	6-7	205	Michigan	deer	2016	1	20	60.0	7.4	2.0	2.7	0.8	1.8	7.4	17.8	51.8	20.2
Carter Bryant	SAS	20	6-6	220	Arizona	deer	2025	1	14	71.0	4.2	2.5	0.7	0.8	4.4	15.4	15.8	52.6	8.0
Cason Wallace	OKC	22	6-3	195	Kentucky	deer	2023	1	10	77.0	8.6	3.1	2.6	12.4	3.1	7.9	14.1	53.8	12.7
Cedric Coward	MEM	22	6-5	206	Washington State	deer	2025	1	11	62.0	13.6	5.9	2.8	0.3	5.0	16.0	20.7	58.5	15.4
Chaney Johnson	BKN	23	6-7	220	Auburn	deer	Undrafted	Undrafted	Undrafted	17.0	8.2	4.6	2.1	-9.0	9.6	14.6	16.0	63.5	16.5
Charles Bassey	GSW	25	6-10	230	Western Kentucky	Nigeria	2021	2	53	13.0	5.8	4.4	0.5	-13.0	13.9	23.6	16.1	68.1	7.8
Chaz Lanier	THE	24	6-3	206	Tennessee	deer	2025	2	37	34.0	2.4	0.7	0.5	2.0	2.9	5.5	14.7	43.6	8.5
Chet Holmgren	OKC	24	7-1	208	Gonzaga	deer	2022	1	2	69.0	17.1	8.9	1.7	16.1	6.7	22.1	21.4	65.3	8.2
Chris Boucher	BOS	33	6-8	200	Oregon	Saint Lucia	Undrafted	Undrafted	Undrafted	9.0	2.3	2.0	0.3	4.4	1.9	15.1	12.8	39.2	4.2
Chris Livingston	CLE	22	6-6	220	Kentucky	deer	2023	2	58	3.0	3.0	1.0	0.3	27.0	0.0	17.6	18.9	60.5	9.1
Chris Mañon	LAL	24	6-4	209	Vanderbilt	deer	Undrafted	Undrafted	Undrafted	9.0	0.8	1.1	0.3	-3.3	4.3	14.0	8.1	45.1	9.1
Chris Paul	LAC	41	6-0	175	Wake Forest	deer	2005	1	4	16.0	2.9	1.8	3.3	-17.3	2.6	10.1	13.5	41.3	35.1
Chris Youngblood	BY	24	6-4		Alabama	deer	Undrafted	Undrafted	Undrafted	34.0	2.1	0.8	0.4	2.3	3.9	9.5	16.2	52.7	9.2
Christian Braun	IT	25	6-6	220	Kansas	deer	2022	1	21	44.0	12.0	4.8	2.7	10.1	4.6	10.1	14.2	60.7	10.8
Christian Koloko	ATL	25	6-11	225	Arizona	Cameroon	2022	2	33	27.0	2.7	3.0	0.7	-1.3	8.0	12.5	10.9	45.3	6.4
Chucky Hepburn	TOR	23	6-0	190	Louisville	deer	Undrafted	Undrafted	Undrafted	2.0	0.0	0.5	1.0	-47.6	0.0	6.7	21.9	0.0	28.6
Clint Capela	NEW	32	6-10	256	None	Switzerland	2014	1	25	75.0	3.8	4.6	0.7	8.0	15.8	18.1	13.3	54.0	7.2
Coby White	CHA	26	6-4	210	North Carolina	deer	2019	1	7	50.0	17.4	3.4	4.0	3.2	1.3	11.3	28.3	59.5	24.2
Cody Martin	IN	30	6-6	205	Nevada	deer	2019	2	36	4.0	1.8	3.5	0.5	-20.2	1.3	18.3	11.9	27.7	6.5
Cody Williams	UTA	21	6-8	190	Colorado	deer	2024	1	10	67.0	8.8	3.0	2.0	-10.6	3.6	8.4	15.9	52.4	11.1
Colby Jones	THE	24	6-6	207	Xavier	deer	2023	2	34	1.0	2.0	4.0	2.0	80.0	0.0	40.0	15.8	33.3	33.3
Cole Anthony	MIL	26	6-2	185	North Carolina	deer	2020	1	15	35.0	6.7	2.5	3.5	-9.7	2.9	12.6	24.4	48.3	35.4
Colin Castleton	ORL	26	6-10	250	Florida	deer	Undrafted	Undrafted	Undrafted	4.0	1.3	2.0	0.3	14.0	10.5	33.3	14.0	46.0	5.3
Collin Gillespie	PHX	26	6-1	195	Villanova	deer	Undrafted	Undrafted	Undrafted	80.0	12.7	4.1	4.6	3.7	3.6	10.7	18.1	57.5	22.8
Collin Murray-Boyles	TOR	21	6-7	245	South Carolina	deer	2025	1	9	57.0	8.5	5.0	1.9	2.6	10.2	12.1	15.0	62.1	12.2
Collin Sexton	SPEND	27	6-3	190	Alabama	deer	2018	1	8	68.0	15.4	2.3	3.3	-3.0	2.4	6.5	24.8	61.5	21.7
Cooper Flagg	FROM THE	19	6-9	205	Duke	deer	2025	1	1	70.0	21.0	6.7	4.5	-5.2	3.5	15.1	26.4	54.8	21.2
Corey Kispert	ATL	27	6-6	224	Gonzaga	deer	2021	1	15	58.0	9.2	2.3	1.6	-7.0	2.2	9.1	17.9	60.9	12.1
Cormac Ryan	MIL	27	6-5	205	North Carolina	deer	Undrafted	Undrafted	Undrafted	11.0	14.3	2.5	1.7	-3.1	3.2	7.8	20.6	69.2	11.0
Craig Porter Jr.	CLE	26	6-1	180	Wichita State	deer	Undrafted	Undrafted	Undrafted	64.0	4.5	3.4	3.2	4.6	7.0	11.5	11.9	52.4	22.5
Curtis Jones	IT	24	6-3	195	Iowa State	deer	Undrafted	Undrafted	Undrafted	10.0	2.9	1.1	1.0	13.6	2.2	7.7	14.2	52.0	14.7
D'Angelo Russell	WAS	30	6-3	193	Ohio State	deer	2015	1	2	26.0	10.2	2.3	4.0	-3.4	1.6	9.2	26.1	51.1	32.8
DaQuan Jeffries	SAC	28	6-5	222	Tulsa	deer	Undrafted	Undrafted	Undrafted	3.0	10.3	1.7	0.3	0.8	4.2	3.8	14.1	73.1	2.5
DaRon Holmes II	IT	23	6-9	225	Dayton	deer	2024	1	22	25.0	3.7	1.4	0.6	-3.0	4.0	11.3	17.1	69.2	12.5
Daeqwon Plowden	SAC	27	6-4	216	Bowling Green	deer	Undrafted	Undrafted	Undrafted	32.0	10.8	3.0	1.3	-10.9	3.7	8.0	15.7	57.2	6.5
Banton Road	BOS	26	6-8	203	Nebraska	Canada	2021	2	46	6.0	2.0	0.8	1.8	-4.3	3.4	4.3	15.2	43.6	26.8
Dalen Terry	PHI	23	6-6	210	Arizona	deer	2022	1	18	48.0	3.7	1.8	1.4	-2.9	4.1	9.9	13.9	52.3	16.7
Dalton Knecht	LAL	25	6-6	215	Tennessee	deer	2024	1	17	54.0	4.2	1.4	0.4	-8.5	2.6	10.8	17.1	56.8	5.9
Daniel Gafford	FROM THE	27	6-10	265	Arkansas	deer	2019	2	38	55.0	9.5	6.9	1.1	-7.1	10.8	18.1	15.1	67.7	7.1
Daniss Jenkins	THE	24	6-4	165	St. John's	deer	Undrafted	Undrafted	Undrafted	72.0	9.3	2.3	3.9	6.6	3.4	7.7	20.9	52.5	27.0
Danny Wolf	BKN	22	6-11	250	Michigan	deer	2025	1	27	57.0	8.9	4.9	2.2	-9.0	4.6	19.5	20.1	52.1	17.8
Dario Saric	SAC	32	6-10	225	None	Croatia	2014	1	12	5.0	1.0	1.2	0.4	0.0	3.0	11.4	10.0	36.3	6.1
Dariq Whitehead	MEM	21	6-6	220	Duke	deer	2023	1	22	6.0	16.3	4.0	1.5	-24.1	0.9	12.0	23.1	51.0	7.8
Darius Brown	CLE	26	6-2	192	Utah State	deer	Undrafted	Undrafted	Undrafted	1.0	0.0	1.0	0.0	-80.0	0.0	100	16.7	0.0	0.0
Darius Garland	LAC	26	6-1	192	Vanderbilt	deer	2019	1	5	45.0	18.8	2.4	6.7	2.6	1.3	6.3	26.6	58.2	32.2
David Jones Garcia	SAS	24	6-4	210	Memphis	Dominican Republic	Undrafted	Undrafted	Undrafted	11.0	2.9	1.2	1.6	23.1	6.0	14.3	18.0	57.9	31.6
David Roddy	IT	25	6-5	255	Colorado State	deer	2022	1	23	5.0	8.0	4.0	0.8	3.1	10.5	12.6	19.1	60.5	7.8
Davion Mitchell	MY	27	6-0	202	Baylor	deer	2021	1	9	70.0	9.3	2.7	6.5	4.2	1.5	7.2	13.7	58.2	28.5
Day'Ron Sharpe	BKN	24	6-10	265	North Carolina	deer	2021	1	29	62.0	8.7	6.7	2.3	-4.3	14.3	22.2	19.0	63.8	20.7
De'Aaron Fox	SAS	28	6-3	185	Kentucky	deer	2017	1	5	72.0	18.6	3.8	6.2	9.9	1.8	9.2	24.2	57.8	28.6
De'Andre Hunter	SAC	28	6-7	221	Virginia	deer	2019	1	4	45.0	13.7	4.1	2.0	-0.9	2.3	12.7	21.8	54.5	11.0
De'Anthony Melton	GSW	28	6-2	200	Southern California	deer	2018	2	46	49.0	12.3	3.2	2.6	3.9	3.3	10.8	24.4	51.8	16.4
DeAndre Jordan	NOP	37	6-11	265	Texas A&M	deer	2008	2	35	12.0	4.4	6.3	0.9	-2.4	12.4	23.4	9.8	67.1	7.7
DeJon Jarreau	MEM	28	6-5	185	Houston	deer	Undrafted	Undrafted	Undrafted	11.0	8.0	4.6	3.3	-23.0	4.6	17.4	21.1	47.3	26.5
DeMar DeRozan	SAC	36	6-6	220	Southern California	deer	2009	1	9	77.0	18.4	2.9	4.1	-11.7	1.5	8.1	22.2	59.4	19.6
Dean Wade	CLE	29	6-9	228	Kansas State	deer	Undrafted	Undrafted	Undrafted	59.0	5.8	4.2	1.5	6.2	3.9	13.9	9.7	58.0	8.2
Deandre Ayton	LAL	27	7-0	252	Arizona	Bahamas	2018	1	1	72.0	12.5	8.0	0.8	0.1	10.3	20.0	16.4	67.6	4.4
Dejounte Murray	NOP	29	6-4	180	Washington	deer	2016	1	29	14.0	16.7	5.4	6.4	1.3	1.1	18.8	26.7	58.0	33.6
Deni Avdija	BY	25	6-8	228	None	Israel	2020	1	9	66.0	24.2	6.9	6.7	0.3	3.1	16.7	28.5	60.0	31.6
Dennis Schröder	CLE	32	6-1	175	None	Germany	2013	1	17	70.0	10.8	2.7	4.9	-6.2	1.9	8.9	21.0	52.6	29.4
Dereck Lively II	FROM THE	22	7-1	230	Duke	deer	2023	1	12	7.0	4.3	5.3	1.9	6.3	11.7	18.3	11.3	67.0	15.3
Derik Queen	NOP	21	6-9	250	Maryland	deer	2025	1	13	81.0	11.7	7.1	3.7	-6.7	6.5	20.7	21.4	54.6	20.8
Derrick Jones Jr.	LAC	29	6-6	210	UNLV	deer	Undrafted	Undrafted	Undrafted	50.0	10.1	3.5	1.4	4.0	4.7	8.2	14.4	60.0	6.8
Derrick White	BOS	31	6-4	190	Colorado	deer	2017	1	29	77.0	16.5	4.4	5.4	11.3	3.2	9.0	21.6	52.9	22.1
Desmond Bane	ORL	27	6-6	215	TCU	deer	2020	1	30	82.0	20.1	4.1	4.1	2.2	3.4	8.4	22.4	60.7	19.0
Devin Booker	PHX	29	6-5	206	Kentucky	deer	2015	1	13	64.0	26.1	3.9	6.0	3.9	2.1	9.1	30.7	58.5	29.3
Devin Carter	SAC	24	6-2	195	Providence	deer	2024	1	13	38.0	8.9	3.3	2.7	-7.3	4.8	13.0	22.6	50.8	20.9
Devin Vassell	SAS	25	6-5	200	Florida State	deer	2020	1	11	67.0	13.9	4.0	2.5	11.4	1.9	10.2	17.6	57.4	10.7
Dillon Brooks	PHX	30	6-7	225	Oregon	Canada	2017	2	45	56.0	20.2	3.6	1.8	-1.1	2.4	9.4	27.9	54.0	9.5
Dillon Jones	NY	24	6-5	235	Weber State	deer	2024	1	26	7.0	1.3	1.0	0.6	4.2	5.0	13.5	11.1	41.8	10.8
Domantas Sabonis	SAC	30	6-10	240	Gonzaga	Lithuania	2016	1	11	19.0	15.8	11.4	4.1	-13.9	10.8	28.3	22.3	59.0	20.9
Dominick Barlow	PHI	23	6-9	224	None	deer	Undrafted	Undrafted	Undrafted	71.0	7.7	4.8	1.2	0.8	7.5	11.8	12.5	59.7	6.9
Donovan Clingan	BY	22	7-2	280	Connecticut	deer	2024	1	7	77.0	12.1	11.6	2.1	0.1	14.9	25.4	16.3	60.4	11.2
Donovan Mitchell	CLE	29	6-2	215	Louisville	deer	2017	1	13	70.0	27.9	4.5	5.7	7.2	2.1	10.8	31.1	61.3	26.6
Don DiVincenzo	MIN	29	6-4	203	Villanova	deer	2018	1	17	82.0	12.2	4.1	3.8	6.2	2.6	10.0	16.4	56.7	16.4
Dorian Finney-Smith	NEW	33	6-7	220	Florida	deer	Undrafted	Undrafted	Undrafted	37.0	3.3	2.5	1.0	1.8	5.4	8.7	10.4	45.2	7.8
Doug McDermott	SAC	34	6-7	225	Creighton	deer	2014	1	11	29.0	5.7	1.3	0.8	-11.1	1.4	6.8	14.6	57.4	7.3
Drake Powell	BKN	20	6-5	195	North Carolina	deer	2025	1	22	63.0	6.5	1.8	1.4	-16.1	1.6	7.0	14.9	52.1	11.3
Draymond Green	GSW	36	6-6	230	Michigan State	deer	2012	2	35	68.0	8.4	5.5	5.5	-4.3	2.9	16.8	15.8	54.0	27.8
Drew Eubanks	SAC	29	6-10	245	Oregon State	deer	Undrafted	Undrafted	Undrafted	42.0	5.2	3.0	0.5	-11.4	6.9	15.4	16.1	60.5	5.2
Drew Peterson	CHA	26	6-8	205	USC	deer	Undrafted	Undrafted	Undrafted	6.0	0.8	1.5	0.3	-7.6	4.1	10.7	10.8	14.8	4.4
Drew Timme	LAL	25	6-9	235	Gonzaga	deer	Undrafted	Undrafted	Undrafted	27.0	3.4	1.2	0.9	-6.9	4.7	9.3	15.5	65.8	14.5
Dru Smith	MY	28	6-2	203	Missouri	deer	Undrafted	Undrafted	Undrafted	70.0	5.6	2.5	2.6	-3.2	4.7	8.5	14.2	53.2	21.4
Duncan Robinson	THE	32	6-7	215	Michigan	deer	Undrafted	Undrafted	Undrafted	77.0	12.2	2.7	2.1	11.3	1.4	8.0	15.2	62.9	9.4
Duop Reath	BY	29	6-9	245	Louisiana State	South Sudan	Undrafted	Undrafted	Undrafted	32.0	2.9	1.2	0.3	-6.4	3.7	9.5	13.0	61.3	5.9
Dwight Powell	FROM THE	34	6-10	240	Stanford	Canada	2014	2	45	63.0	3.3	4.1	1.1	-0.5	10.1	17.0	8.4	69.9	9.5
Dylan Cardwell	SAC	24	6-10	255	Auburn	deer	Undrafted	Undrafted	Undrafted	44.0	5.4	7.5	1.4	-2.5	14.8	20.2	10.8	59.1	9.5
Dylan Harper	SAS	20	6-5	215	Rutgers	deer	2025	1	2	69.0	11.8	3.4	3.9	9.5	3.3	10.6	21.1	57.4	24.6
Dyson Daniels	ATL	23	6-7	199	None	Australia	2022	1	8	76.0	11.9	6.8	5.9	6.2	7.1	12.9	15.7	54.2	23.0
EJ Liddell	BKN	25	6-6	240	Ohio State	deer	2022	2	41	26.0	5.7	2.7	0.9	-6.5	3.9	17.4	16.8	60.0	11.4
Egor Demin	BKN	20	6-8	200	Brigham Young	Russia	2025	1	8	52.0	10.3	3.2	3.3	-5.9	1.5	11.6	18.2	56.1	19.9
Elijah Harkless	UTA	26	6-3	195	UNLV	deer	Undrafted	Undrafted	Undrafted	26.0	6.8	2.0	2.9	-2.5	1.8	7.7	16.2	47.1	17.7
Emanuel Miller	SAS	25	6-5	215	TCU	Canada	Undrafted	Undrafted	Undrafted	5.0	3.0	0.6	0.8	-28.0	2.6	8.3	16.9	54.0	21.1
Enrique Freeman	MIN	25	6-9	220	Akron	deer	2024	2	50	4.0	3.3	2.5	0.5	24.2	5.3	17.4	11.3	66.6	5.7
Eric Gordon	PHI	37	6-3	215	Indiana	deer	2008	1	7	6.0	5.5	0.3	0.5	-17.6	1.3	1.4	13.7	75.4	6.3
Ethan Thompson	IN	27	6-4	195	Oregon State	Puerto Rico	Undrafted	Undrafted	Undrafted	32.0	7.0	2.2	1.8	-0.1	2.5	7.8	15.4	51.5	12.2
Evan Mobley	CLE	24	6-11	215	Southern California	deer	2021	1	3	65.0	18.2	9.0	3.6	5.7	7.3	19.6	22.1	59.6	16.8
Franz Wagner	ORL	24	6-10	220	Michigan	Germany	2021	1	8	34.0	20.6	5.2	3.3	3.6	4.1	12.8	25.6	58.8	17.5
GG Jackson	MEM	21	6-9	210	South Carolina	deer	2023	2	45	55.0	12.5	4.3	1.5	-3.5	4.0	15.4	23.0	59.1	10.3
Gabe Vincent	ATL	29	6-2	200	California-Santa Barbara	deer	Undrafted	Undrafted	Undrafted	53.0	4.4	1.0	1.4	1.3	2.0	4.1	11.9	51.1	10.9
Garrett Temple	TOR	40	6-5	195	Louisiana State	deer	Undrafted	Undrafted	Undrafted	22.0	0.8	0.4	0.4	-1.8	1.6	10.8	15.2	44.8	20.5
Garrison Mathews	IN	29	6-5	215	Lipscomb	deer	Undrafted	Undrafted	Undrafted	15.0	5.2	1.1	0.7	-0.7	1.0	7.6	13.4	62.8	6.9
Gary Harris	MIL	31	6-4	210	Michigan State	deer	2014	1	19	48.0	2.7	1.3	1.1	-9.6	2.5	7.2	8.2	59.3	10.5
Gary Payton II	GSW	33	6-2	195	Oregon State	deer	Undrafted	Undrafted	Undrafted	73.0	7.5	3.6	1.7	-2.3	8.4	14.3	17.7	63.2	16.4
Gary Trent Jr.	MIL	27	6-5	204	Duke	deer	2018	2	37	65.0	8.1	1.0	1.2	-12.4	0.6	4.4	16.7	53.3	8.2
Giannis Antetokounmpo	MIL	31	6-11	243	None	Greece	2013	1	15	36.0	27.6	9.8	5.4	4.4	9.8	23.3	35.8	65.8	34.4
Goga Bitadze	ORL	26	6-11	250	None	Georgia	2019	1	18	64.0	5.9	5.0	1.3	1.6	13.1	18.3	12.8	70.0	12.4
Gradey Dick	TOR	22	6-7	200	Kansas	deer	2023	1	13	76.0	6.0	1.9	0.7	4.1	3.8	9.5	17.6	53.8	6.6
Grant Nelson	BKN	24	7-0	215	Alabama	deer	Undrafted	Undrafted	Undrafted	4.0	4.3	1.5	1.3	-9.9	2.9	16.7	22.2	63.4	21.7
Grant Williams	CHA	27	6-7	236	Tennessee	deer	2019	1	22	36.0	7.0	3.9	1.6	12.9	6.0	12.7	13.2	60.9	10.6
Grayson Allen	PHX	30	6-3	198	Duke	deer	2018	1	21	51.0	16.5	3.0	3.8	0.1	2.3	8.1	23.1	56.8	20.6
Guerschon Yabusele	SPEND	30	6-7	265	None	France	2016	1	16	67.0	5.6	3.5	0.9	-7.9	5.2	17.0	15.5	54.3	8.7
Gui Santos	GSW	23	6-7	185	None	Brazil	2022	2	55	68.0	9.2	3.9	2.3	1.0	5.2	13.8	18.1	60.9	16.8
Harrison Barnes	SAS	34	6-7	225	North Carolina	deer	2012	1	7	77.0	9.9	2.8	1.9	7.8	3.0	7.1	14.4	60.8	9.7
Harrison Ingram	SAS	23	6-5	230	North Carolina	deer	2024	2	48	7.0	1.6	0.4	0.1	-12.6	12.5	0.0	10.4	91.7	4.8
Hayden Gray	UTA	23	6-4	190	California-San Diego	deer	Undrafted	Undrafted	Undrafted	1.0	6.0	0.0	1.0	-29.0	0.0	0.0	7.9	77.3	5.0
Haywood Highsmith	PHX	29	6-5	220	Wheeling Jesuit	deer	2018			7.0	5.4	1.9	1.0	1.7	6.2	8.4	12.1	72.9	11.9
Herbert Jones	NOP	27	6-7	206	Alabama	deer	2021	2	35	56.0	8.9	3.4	2.8	-0.9	2.9	9.0	15.3	49.1	13.0
Hugo Gonzalez	BOS	20	6-6	200	None	Spain	2025	1	28	74.0	3.9	3.3	0.5	11.9	5.5	15.8	11.4	56.1	4.7
Hunter Dickinson	NOP	25	7-1	255	Kansas	deer	Undrafted	Undrafted	Undrafted	5.0	2.4	1.0	0.4	-35.7	3.6	6.3	16.2	40.3	6.5
Hunter Sallis	PHI	23	6-4	185	Wake Forest	deer	Undrafted	Undrafted	Undrafted	7.0	1.0	0.1	0.6	-22.8	0.0	3.4	16.9	59.5	23.5
Hunter Tyson	IT	26	6-8	215	Clemson	deer	2023	2	37	21.0	2.2	1.7	0.8	-7.5	2.4	17.4	16.6	39.8	17.0
Immanuel Quickley	TOR	26	6-2	190	Kentucky	deer	2020	1	25	70.0	16.4	4.0	5.9	2.9	1.7	10.8	20.6	57.7	26.1
Isaac Jones	THE	25	6-8	245	Washington State	deer	Undrafted	Undrafted	Undrafted	7.0	1.3	0.7	0.1	-37.9	5.3	8.8	11.9	51.4	4.8
Isaac Okoro	SPEND	25	6-4	225	Auburn	deer	2020	1	5	63.0	9.3	2.7	1.6	-8.5	4.0	5.8	13.7	57.4	7.9
Isaiah Collier	UTA	21	6-4	210	Southern California	deer	2024	1	29	59.0	11.7	2.5	7.2	-13.2	1.3	8.5	20.4	56.7	40.4
Isaiah Crawford	NEW	24	6-6	220	Louisiana Tech	deer	Undrafted	Undrafted	Undrafted	14.0	2.0	1.1	0.4	-5.9	2.7	13.3	13.8	52.6	7.9
Isaiah Hartenstein	OKC	28	7-0	250	None	Germany	2017	2	43	47.0	9.2	9.4	3.5	15.6	13.0	24.3	15.3	63.1	18.9
Isaiah Jackson	LAC	24	6-8	205	Kentucky	deer	2021	1	22	55.0	6.7	5.3	0.9	-2.9	12.0	19.0	15.2	65.3	8.3
Isaiah Joe	OKC	26	6-4	165	Arkansas	deer	2020	2	49	71.0	11.1	2.5	1.3	11.7	2.2	9.0	17.8	65.7	8.9
Isaiah Livers	PHX	27	6-6	232	Michigan	deer	2021	2	42	36.0	1.8	1.7	0.6	1.1	5.0	11.6	9.4	46.9	7.8
Isaiah Stevens	SAC	25	5-11	185	Colorado State	deer	Undrafted	Undrafted	Undrafted	3.0	3.3	1.0	3.3	-13.0	4.3	3.2	10.7	57.1	35.7
Isaiah Stewart	THE	25	6-8	250	Washington	deer	2020	1	16	58.0	10.0	5.0	1.1	1.8	7.0	13.5	16.4	63.2	7.3
Ivica Zubac	IN	29	7-0	240	None	Croatia	2016	2	32	48.0	14.1	10.6	2.2	-2.4	11.7	23.4	18.6	62.2	11.0
JD Davison	NEW	23	6-1	195	Alabama	deer	2022	2	53	28.0	2.5	1.2	1.3	2.6	1.4	13.1	15.3	47.7	21.9
Ja Morant	MEM	26	6-2	174	Murray State	deer	2019	1	2	20.0	19.5	3.3	8.1	-4.4	1.3	9.6	30.5	52.1	44.7
Jacob Walter	TOR	21	6-4	180	Baylor	deer	2024	1	19	72.0	7.5	2.6	1.2	0.9	3.7	8.8	13.6	61.0	7.9
Jabari Smith Jr.	NEW	23	6-11	220	Auburn	deer	2022	1	3	77.0	15.8	6.9	1.9	5.0	3.9	15.2	17.9	56.9	7.3
Jabari Walker	PHI	23	6-7	237	Colorado	deer	2022	2	57	64.0	4.3	3.0	0.5	0.0	8.7	15.6	14.2	56.8	6.1
Jacob Toppin	ATL	26	6-9	200	Kentucky	deer	Undrafted	Undrafted	Undrafted	5.0	1.6	0.2	0.2	31.3	0.0	6.7	14.0	66.7	9.1
Jaden Hardy	WAS	23	6-3	198	None	deer	2022	2	37	57.0	9.2	1.5	1.0	-4.4	1.7	7.8	23.9	56.6	9.5
Jaden Ivey	SPEND	24	6-3	195	Purdue	deer	2022	1	5	37.0	8.5	2.5	1.8	2.1	3.4	9.6	19.2	57.1	14.5
Jaden McDaniels	MIN	25	6-9	185	Washington	deer	2020	1	28	73.0	14.8	4.2	2.7	3.1	3.3	9.4	18.2	61.1	12.1
Jae'Sean Tate	NEW	30	6-4	230	Ohio State	deer	Undrafted	Undrafted	Undrafted	46.0	2.8	1.6	0.5	-3.3	7.6	9.4	13.1	56.7	9.5
Jahmai Mashack	MEM	23	6-4	203	Tennessee	deer	2025	2	59	31.0	6.2	2.6	2.2	-14.5	3.1	8.6	15.6	45.6	14.1
Jahmir Young	MY	25	6-0	185	Maryland	deer	Undrafted	Undrafted	Undrafted	14.0	1.8	0.3	0.6	5.6	2.8	3.1	17.8	48.3	18.0
Jahmyl Telfort	LAC	25	6-7		None	Canada	Undrafted	Undrafted	Undrafted	8.0	0.1	0.4	0.1	-8.9	0.0	8.8	9.3	8.7	5.0
Jaime Jaquez Jr.	MY	25	6-6	225	UCLA	deer	2023	1	18	75.0	15.4	5.0	4.7	2.9	4.2	11.7	21.6	57.0	24.0
Jake LaRavia	LAL	24	6-7	235	Wake Forest	deer	2022	1	19	82.0	8.2	4.0	1.8	0.0	5.9	10.3	13.8	57.1	9.3
Jacob Poeltl	TOR	30	7-0	253	Utah	Austria	2016	1	9	46.0	10.7	7.0	2.0	2.0	10.2	18.8	15.0	69.8	11.1
Jalen Brunson	NYK	29	6-2	190	Villanova	deer	2018	2	33	74.0	26.0	3.3	6.8	6.1	1.2	8.3	29.6	58.0	30.7
Years Duren	THE	22	6-10	250	Memphis	deer	2022	1	13	70.0	19.5	10.5	2.0	11.8	13.2	23.0	23.1	68.8	10.4
Jalen Green	PHX	24	6-4	186	None	deer	2021	1	2	32.0	17.8	3.6	2.8	0.7	1.7	12.2	30.9	51.6	18.1
Jalen Johnson	ATL	24	6-8	219	Duke	deer	2021	1	20	72.0	22.5	10.3	7.9	3.2	3.8	24.1	26.4	58.1	32.5
Jalen Pickett	IT	26	6-2	202	Penn State	deer	2023	2	32	50.0	5.2	2.3	2.3	-0.4	2.2	10.7	14.8	54.1	20.8
Jalen Slawson	IN	26	6-7	215	Furman	deer	2023	2	54	13.0	7.3	4.4	2.8	-4.3	2.2	14.8	13.6	56.2	16.7
Jalen Smith	SPEND	26	6-8	244	Maryland	deer	2020	1	10	53.0	10.2	6.7	1.2	3.4	8.5	21.8	18.3	60.8	8.1
Jalen Suggs	ORL	25	6-5	205	Gonzaga	deer	2021	1	5	57.0	13.8	3.9	5.5	5.2	2.2	11.2	22.0	56.1	28.4
Jalen Williams	OKC	25	6-5	211	Santa Clara	deer	2022	1	12	33.0	17.1	4.6	5.5	11.7	2.9	12.4	25.2	56.0	27.4
Jalen Wilson	BKN	25	6-6	220	Kansas	deer	2023	2	51	54.0	6.4	2.1	0.9	-10.9	1.9	12.2	17.7	53.6	9.8
Jamal Cain	ORL	27	6-7	191	Oakland	deer	Undrafted	Undrafted	Undrafted	40.0	5.4	2.0	0.7	4.5	5.5	10.9	15.9	62.4	8.5
Jamal Murray	IT	29	6-4	215	Kentucky	Canada	2016	1	7	75.0	25.4	4.4	7.1	6.8	1.3	10.9	26.9	62.2	29.8
Jamal Shead	TOR	23	6-1	200	Houston	deer	2024	2	45	82.0	6.6	1.7	5.4	5.8	1.4	6.4	14.9	49.1	30.6
Jamaree Bouyea	PHX	26	6-2	180	San Francisco	deer	Undrafted	Undrafted	Undrafted	46.0	5.7	1.8	1.8	1.4	2.6	10.0	18.4	52.3	19.1
James Harden	CLE	36	6-5	220	Arizona State	deer	2009	1	3	70.0	23.6	4.8	8.0	1.8	1.7	11.9	27.9	61.0	34.7
James Wiseman	IN	25	6-11	240	Memphis	deer	2020	1	2	4.0	3.3	2.0	0.8	-9.5	7.4	4.9	11.4	59.7	7.5
Jamir Watkins	WAS	24	6-6	210	Florida State	deer	2025	2	43	50.0	7.4	3.9	1.3	-6.4	4.6	14.0	14.8	55.4	8.9
Jamison Battle	TOR	25	6-7	220	Ohio State	deer	Undrafted	Undrafted	Undrafted	61.0	3.1	1.5	0.4	6.7	4.0	12.4	13.5	63.5	6.2
Jarace Walker	IN	22	6-7	235	Houston	deer	2023	1	8	76.0	11.6	5.1	2.5	-11.1	2.3	17.0	20.0	54.3	14.3
Jared McCain	OKC	22	6-3	195	Duke	deer	2024	1	16	67.0	8.3	2.0	1.3	4.6	1.9	9.2	19.8	55.1	11.1
Jackson Jr. Years	UTA	26	6-10	242	Michigan State	deer	2018	1	4	48.0	19.4	5.7	2.0	-2.0	2.7	14.0	25.3	57.6	10.5
Jarred Vanderbilt	LAL	27	6-8	214	Kentucky	deer	2018	2	41	65.0	4.4	4.5	1.3	0.2	7.3	19.4	11.9	54.4	9.8
Jarrett Allen	CLE	28	6-9	243	Texas	deer	2017	1	22	56.0	15.4	8.5	1.8	6.4	9.7	20.2	19.6	66.9	9.2
Jase Richardson	ORL	20	6-1	180	Michigan State	deer	2025	1	25	54.0	4.4	1.2	1.1	-0.8	3.4	7.4	16.2	57.4	14.5
Javon Small	MEM	23	6-1	190	West Virginia	deer	2025	2	48	41.0	9.7	3.1	3.7	-5.7	4.0	10.9	18.3	61.1	25.7
Javonte Cooke	BY	26	6-6	185	Winston-Salem	deer	Undrafted	Undrafted	Undrafted	19.0	1.2	1.0	0.4	-28.6	3.3	16.3	20.5	27.5	12.7
Javonte Green	THE	32	6-5	205	Radford	deer	Undrafted	Undrafted	Undrafted	82.0	6.9	2.8	0.7	7.6	4.2	11.2	14.3	60.7	5.2
Jaxson Hayes	LAL	26	7-0	220	Texas	deer	2019	1	8	66.0	7.5	4.1	0.9	2.4	8.3	13.9	12.4	75.8	7.1
Jay Huff	IN	28	7-1	240	Virginia	deer	Undrafted	Undrafted	Undrafted	82.0	9.5	4.0	1.5	-6.3	4.1	13.5	17.8	59.8	10.5
Jaylen Brown	BOS	29	6-6	223	California	deer	2016	1	3	71.0	28.7	6.9	5.1	6.5	3.2	15.5	35.1	57.3	25.1
Jaylen Clark	MIN	24	6-5	205	UCLA	deer	2023	2	53	68.0	4.0	1.8	0.6	4.1	5.6	6.9	12.6	53.4	6.4
Jaylen Wells	MEM	22	6-7		Washington State	deer	2024	2	39	69.0	12.5	3.2	1.6	-4.4	3.1	8.6	18.9	55.9	8.5
Jaylin Williams	OKC	23	6-9	240	Arkansas	deer	2022	2	34	65.0	7.2	5.5	2.4	11.5	2.5	22.5	15.3	59.7	16.9
Jaylon Tyson	CLE	23	6-6	215	California	deer	2024	1	20	66.0	13.2	5.1	2.2	3.6	6.4	11.8	18.9	60.8	11.5
Jayson Kent	BY	24	6-8	215	Texas	deer	Undrafted	Undrafted	Undrafted	5.0	2.0	1.0	0.0	-2.7	0.0	25.0	13.7	67.2	0.0
Jayson Tatum	BOS	28	6-8	210	Duke	deer	2017	1	3	16.0	21.8	10.0	5.3	10.5	1.5	27.4	29.0	54.1	24.6
Jeff Green	NEW	39	6-8	235	Georgetown	deer	2007	1	5	30.0	2.2	0.8	0.3	-8.1	3.6	9.8	17.1	47.7	7.0
Jerami Grant	BY	32	6-7	213	Syracuse	deer	2014	2	39	57.0	18.6	3.5	2.1	-0.3	3.0	8.2	22.8	60.8	10.7
Jeremiah Fears	NOP	19	6-3	190	Oklahoma	deer	2025	1	7	82.0	14.3	3.7	3.4	-6.4	2.6	10.9	24.5	52.5	19.5
Jeremiah Robinson-Earl	FROM THE	25	6-9	240	Villanova	deer	2021	2	32	22.0	4.6	4.7	0.7	-10.2	8.8	18.3	12.9	46.8	5.7
Jeremy Sochan	NY	23	6-8	230	Baylor	Poland	2022	1	9	44.0	3.6	2.4	0.9	-3.9	7.6	14.9	14.1	56.3	12.4
Jericho Sims	MIL	27	6-10	250	Texas	deer	2021	2	58	67.0	5.0	5.5	1.6	-10.1	11.5	17.1	9.5	77.2	10.9
Jett Howard	ORL	22	6-8	215	Michigan	deer	2023	1	11	55.0	5.5	1.6	0.8	-5.5	3.0	9.6	16.6	56.1	9.5
Jevon Carter	ORL	30	6-0	190	West Virginia	deer	2018	2	32	53.0	6.4	1.7	1.6	-5.7	1.5	8.5	16.6	53.7	14.8
Jimmy Butler III	GSW	36	6-6	230	Marquette	deer	2011	1	30	38.0	20.0	5.6	4.9	7.3	7.3	10.1	22.6	64.6	24.0
Joan Beringer	MIN	19	6-11	230	None	France	2025	1	17	40.0	3.9	2.3	0.3	2.3	14.1	13.5	15.6	68.3	5.2
Jock Landale	ATL	30	6-11	255	St. Mary's	Australia	Undrafted	Undrafted	Undrafted	68.0	10.6	5.7	1.7	-2.2	11.1	13.6	17.7	59.5	11.0
Joe Ingles	MIN	38	6-8	220	None	Australia	Undrafted	Undrafted	Undrafted	27.0	1.5	0.7	1.3	-5.8	0.0	11.0	10.6	73.5	26.8
Joel Embiid	PHI	32	7-0	270	Kansas	Cameroon	2014	1	3	38.0	26.9	7.7	3.9	5.8	6.3	16.9	33.6	60.5	20.9
John Collins	LAC	28	6-9	226	Wake Forest	deer	2017	1	19	69.0	13.6	5.3	1.0	-1.2	6.1	13.5	18.8	64.3	5.8
John Konchar	UTA	30	6-5	210	Indiana-Purdue Fort Wayne	deer	Undrafted	Undrafted	Undrafted	56.0	4.4	4.3	2.1	-5.9	5.9	14.0	9.0	56.8	13.6
John Poulakidas	FROM THE	23	6-6	205	Yale	deer	Undrafted	Undrafted	Undrafted	13.0	8.8	2.3	0.8	-2.3	1.4	9.6	15.3	61.1	6.1
John Tonje	BOS	25	6-4	218	Wisconsin	deer	2025	2	53	6.0	2.5	1.0	0.3	-1.8	0.0	12.0	15.7	47.6	8.3
John Broome	PHI	23	6-9	244	Auburn	deer	2025	2	35	11.0	0.9	1.5	0.4	-13.6	10.9	17.0	22.6	18.8	11.8
Johnny Furphy	IN	21	6-8	200	Kansas	Australia	2024	2	35	35.0	5.1	4.4	1.2	-4.6	4.9	19.1	12.5	54.7	8.5
Johnny Juzang	MIN	25	6-7	226	UCLA	deer	Undrafted	Undrafted	Undrafted	21.0	2.0	0.8	0.3	-4.6	5.4	12.9	20.0	51.8	9.5
Jonas Valanciunas	IT	34	6-11	265	None	Lithuania	2011	1	5	65.0	8.7	5.1	1.2	-2.0	12.4	24.6	26.0	63.0	15.0
Jonathan Isaac	ORL	28	6-10	230	Florida State	deer	2017	1	6	52.0	2.6	2.5	0.4	-1.3	7.1	16.5	11.9	49.8	6.2
Jonathan Kuminga	ATL	23	6-7	225	None	DRC	2021	1	7	36.0	12.2	5.6	2.3	4.1	5.6	18.2	22.6	55.7	14.8
Jonathan Mogbo	TOR	24	6-9	225	San Francisco	deer	2024	2	31	40.0	1.5	1.7	0.6	-10.2	7.1	19.3	10.2	60.8	15.9
Jordan Clarkson	NY	34	6-5	194	Missouri	deer	2014	2	46	72.0	8.6	1.8	1.3	3.7	4.7	4.9	20.3	54.8	11.0
Jordan Goodwin	PHX	27	6-3	215	St. Louis	deer	Undrafted	Undrafted	Undrafted	70.0	8.7	4.9	2.2	3.3	8.0	13.4	16.7	52.5	13.6
Jordan Hawkins	NOP	24	6-5	190	Connecticut	deer	2023	1	14	51.0	5.1	1.7	0.8	-9.8	2.6	8.9	17.5	48.0	8.6
Jordan McLaughlin	SAS	30	5-11	185	Southern California	deer	Undrafted	Undrafted	Undrafted	44.0	2.0	0.7	0.9	-11.5	2.4	9.3	14.3	54.2	19.9
Jordan Miller	LAC	26	6-5	194	Miami	deer	2023	2	48	60.0	10.0	3.0	2.3	-0.4	4.1	9.7	17.7	62.8	15.7
Jordan Poole	NOP	26	6-4	194	Michigan	deer	2019	1	28	39.0	13.4	2.0	3.1	-7.9	0.9	6.7	23.5	53.0	18.5
Jordan Walsh	BOS	22	6-6	205	Arkansas	deer	2023	2	38	68.0	5.4	4.0	0.8	5.1	6.9	14.6	11.4	62.3	5.9
Jose Alvarado	NY	28	6-0	179	Georgia Tech	deer	Undrafted	Undrafted	Undrafted	69.0	7.4	2.5	3.4	1.3	1.8	10.0	16.7	54.3	24.4
Josh Giddey	SPEND	23	6-7	214	None	Australia	2021	1	6	54.0	17.0	8.3	9.1	-5.0	3.7	20.1	23.8	56.2	41.0
Josh Green	CHA	25	6-6	200	Arizona	Australia	2020	1	18	58.0	4.3	1.8	0.8	12.5	4.8	6.0	10.4	64.4	6.9
Josh Hart	NYK	31	6-5	215	Villanova	deer	2017	1	30	66.0	12.0	7.4	4.8	5.5	4.7	20.0	16.3	61.2	21.2
Josh Minott	BKN	23	6-8	205	Memphis	deer	2022	2	45	49.0	7.4	3.2	0.9	-0.1	5.5	12.8	16.2	65.3	8.3
Josh Oduro	NOP	25	6-9	240	Providence	deer	Undrafted	Undrafted	Undrafted	3.0	8.3	7.7	1.3	3.2	11.7	13.6	9.0	63.6	5.0
Josh Okogie	NEW	27	6-4	213	Georgia Tech	Nigeria	2018	1	20	78.0	4.5	2.6	0.9	5.6	5.9	8.5	11.2	54.4	6.5
Jrue Holiday	BY	36	6-4	220	UCLA	deer	2009	1	17	53.0	16.3	4.6	6.1	6.1	4.2	10.8	22.7	57.3	30.2
Julian Champagnie	SAS	24	6-7	217	St. John's	deer	Undrafted	Undrafted	Undrafted	82.0	11.1	5.8	1.5	12.4	3.2	16.1	14.6	60.9	7.1
Julian Phillips	MIN	22	6-6	201	Tennessee	deer	2023	2	35	48.0	2.9	1.0	0.2	-2.9	5.3	5.4	13.4	53.4	3.2
Julian Reese	WAS	22	6-9	230	Maryland	deer	Undrafted	Undrafted	Undrafted	13.0	11.8	10.5	1.8	-11.8	13.3	21.9	17.3	55.7	8.4
Julian Strawther	IT	24	6-6	205	Gonzaga	deer	2023	1	29	57.0	7.2	2.0	1.1	1.5	1.4	11.2	18.7	59.0	10.1
Julius Randle	MIN	31	6-9	250	Kentucky	deer	2014	1	7	79.0	21.1	6.7	5.0	4.0	5.0	14.6	25.8	58.5	22.7
Justin Champagnie	WAS	24	6-6	206	Pittsburgh	deer	Undrafted	Undrafted	Undrafted	69.0	8.7	5.6	1.2	-9.4	9.8	17.1	16.1	58.9	8.7
Justin Edwards	PHI	22	6-7	217	Kentucky	deer	Undrafted	Undrafted	Undrafted	64.0	6.0	1.5	1.3	-3.4	2.5	7.0	15.4	57.2	11.4
Jusuf Nurkic	UTA	31	6-11	290	None	Bosnia and Herzegovina	2014	1	16	41.0	10.9	10.4	4.8	-7.9	8.9	27.9	18.6	54.8	26.1
KJ Simpson	IT	23	6-2	189	Colorado	deer	2024	2	42	20.0	4.6	1.9	2.2	0.0	3.4	11.2	21.0	42.6	24.6
Kadary Richmond	WAS	24	6-6	205	St. John's, N.Y.	deer	Undrafted	Undrafted	Undrafted	3.0	8.3	3.3	2.7	4.0	1.6	13.6	11.4	72.2	13.8
Kam Jones	IN	24	6-4	200	Marquette	deer	2025	2	38	37.0	4.4	1.6	3.2	-10.0	2.4	7.1	14.1	47.0	26.2
Karl-Anthony Towns	NYK	30	7-0	248	Kentucky	deer	2015	1	1	75.0	20.1	11.9	3.0	7.0	10.1	28.3	25.1	61.9	14.2
Karlo Matkovic	NOP	25	6-10	231	None	Bosnia and Herzegovina	2022	2	52	62.0	5.7	3.7	0.8	-4.4	7.4	15.5	12.8	69.6	7.9
Kaspars Jakučionis	MY	20	6-5	200	Illinois-Urbana-Champaign	Lithuania	2025	1	20	53.0	6.2	2.6	2.6	3.0	4.0	9.6	12.9	61.4	17.8
Kawhi Leonard	LAC	34	6-6	225	San Diego State	deer	2011	1	15	65.0	27.9	6.4	3.6	7.5	3.6	16.2	32.6	62.9	19.3
Keaton Wallace	ATL	27	6-3	185	Texas-San Antonio	deer	Undrafted	Undrafted	Undrafted	53.0	3.5	1.1	1.8	-8.6	0.5	9.7	16.1	52.0	26.4
Keegan Murray	SAC	25	6-8	225	Iowa	deer	2022	1	4	23.0	14.0	5.7	1.7	-10.7	3.9	12.2	18.2	49.9	7.0
Kel'el Ware	MY	22	7-0	230	Indiana	deer	2024	1	15	77.0	11.1	9.0	0.7	-1.0	11.3	24.7	17.4	61.6	4.6
Keldon Johnson	SAS	26	6-6	220	Kentucky	deer	2019	1	29	82.0	13.2	5.4	1.4	7.8	6.7	14.3	20.1	61.3	8.5
Kelly Olynyk	SAS	35	7-0	240	Gonzaga	Canada	2013	1	13	42.0	3.2	1.8	1.2	-6.9	6.3	13.8	16.0	59.0	20.3
Kelly Oubre Jr.	PHI	30	6-8	210	Kansas	deer	2015	1	15	50.0	14.1	5.0	1.6	-1.9	3.1	12.1	17.9	58.0	7.3
Kennedy Chandler	UTA	23	6-0	170	Tennessee	deer	2022	2	38	11.0	15.0	3.4	6.7	-9.3	1.5	8.5	19.5	52.9	26.1
Kenrich Williams	OKC	31	6-7	210	TCU	deer	Undrafted	Undrafted	Undrafted	56.0	6.5	3.3	1.4	3.1	6.8	14.3	17.8	56.9	13.2
Kentavious Caldwell-Pope	MEM	33	6-5	204	Georgia	deer	2013	1	8	51.0	8.4	2.5	2.7	-4.5	1.7	9.4	17.3	53.3	18.1
Keon Ellis	CLE	26	6-4	175	Alabama	deer	Undrafted	Undrafted	Undrafted	72.0	6.7	1.9	1.0	-4.8	2.5	6.6	12.9	57.9	6.7
Keshad Johnson	MY	24	6-6	225	Arizona	deer	Undrafted	Undrafted	Undrafted	32.0	4.3	1.9	0.3	13.0	8.0	12.0	17.1	58.2	3.6
Keshon Gilbert	ATL	22	6-4	200	Iowa State	deer	Undrafted	Undrafted	Undrafted	4.0	4.3	1.3	3.0	-38.1	2.8	4.6	13.1	56.4	22.2
Kevin Durant	NEW	37	6-11	240	Texas	deer	2007	1	2	78.0	26.0	5.5	4.8	5.5	1.4	13.1	26.3	64.1	20.3
Kevin Huerter	THE	27	6-6	190	Maryland	deer	2018	1	19	69.0	10.0	3.5	2.6	2.3	2.1	12.5	18.4	55.2	16.1
Kevin Love	UTA	37	6-10	251	UCLA	deer	2008	1	5	37.0	6.7	5.8	1.8	-6.7	8.3	25.6	16.1	56.8	14.5
Kevin McCullar Jr.	NY	25	6-6	210	Kansas	deer	2024	2	56	21.0	2.4	1.3	1.0	-12.1	6.5	9.9	16.6	50.8	20.8
Kevin Porter Jr.	MIL	26	6-5	203	Southern California	deer	2019	1	30	38.0	17.4	5.2	7.4	-4.7	2.7	12.3	23.6	56.7	33.6
Kevon Looney	NOP	30	6-9	222	UCLA	deer	2015	1	30	21.0	2.8	5.6	1.6	-10.4	13.2	21.4	9.6	45.8	14.8
Keyonte George	UTA	22	6-4	185	Baylor	deer	2023	1	16	54.0	23.6	3.7	6.1	-8.6	1.2	9.6	27.5	60.9	28.6
Khaman Maluach	PHX	19	7-1	250	Duke	South Sudan	2025	1	10	46.0	3.0	2.9	0.1	2.5	10.7	19.8	14.2	58.6	2.1
Khris Middleton	FROM THE	34	6-7	222	Texas A&M	deer	2012	2	39	63.0	10.2	3.7	2.8	-11.1	3.3	11.8	19.8	53.3	17.1
Killian Hayes	SAC	24	6-4	195	None	France	2020	1	7	23.0	5.5	2.3	3.5	-2.8	0.9	11.7	17.9	42.2	26.5
Klay Thompson	FROM THE	36	6-5	220	Washington State	deer	2011	1	11	69.0	11.7	2.1	1.4	-4.7	1.1	7.4	21.4	54.1	9.6
Kobe Brown	IN	26	6-7	250	Missouri	deer	2023	1	30	61.0	5.8	3.0	1.3	-10.5	7.2	11.9	15.4	59.4	12.3
Kobe Bufkin	LAL	22	6-4	195	Michigan	deer	2023	1	15	16.0	2.9	0.8	0.6	-30.2	0.8	10.2	21.9	41.6	12.8
Kobe Sanders	LAC	24	6-8	207	Nevada	deer	2025	2	50	68.0	7.3	2.3	1.6	0.2	2.2	8.8	15.5	59.7	11.7
Koby Brea	PHX	23	6-5	215	Kentucky	deer	2025	2	41	12.0	3.8	0.7	0.8	-4.2	1.2	8.8	20.3	61.0	18.9
Kon Knueppel	CHA	20	6-6	215	Duke	deer	2025	1	4	81.0	18.5	5.3	3.4	6.2	3.6	12.8	21.6	63.3	15.8
Kris Dunn	LAC	32	6-3	205	Providence	deer	2016	1	5	82.0	7.3	3.3	3.6	0.5	2.8	9.7	12.2	58.1	17.9
Kris Murray	BY	25	6-8	218	Iowa	deer	2023	1	23	57.0	5.8	3.6	1.4	1.5	6.2	8.4	10.3	55.0	8.2
Kristaps Porzingis	GSW	30	7-2	240	None	Latvia	2015	1	4	32.0	16.7	5.2	2.5	3.0	5.0	15.8	26.5	58.2	16.2
Kyle Anderson	MIN	32	6-8	230	UCLA	deer	2014	1	30	43.0	6.2	3.5	2.9	-4.2	4.7	12.1	13.1	57.3	20.4
Kyle Filipowski	UTA	22	6-11	250	Duke	deer	2024	2	32	77.0	11.4	7.2	2.6	-6.6	7.6	22.5	19.7	58.6	15.6
Kyle Kuzma	MIL	30	6-8	221	Utah	deer	2017	1	27	69.0	13.0	4.5	2.7	-6.6	3.2	13.4	21.2	58.1	15.3
Kyle Lowry	PHI	40	6-0	196	Villanova	deer	2006	1	24	14.0	1.2	0.6	0.8	-18.0	0.0	6.5	10.6	30.8	13.1
Kyshawn George	WAS	22	6-8	200	Miami	Switzerland	2024	1	24	48.0	14.8	5.1	4.5	-11.5	2.8	13.5	22.2	55.9	22.6
LJ Cryer	GSW	24	6-0		Houston	deer	Undrafted	Undrafted	Undrafted	18.0	8.2	1.6	1.0	-0.4	1.4	8.4	19.6	59.0	9.2
LaMelo Ball	CHA	24	6-7	180	None	deer	2020	1	3	72.0	20.1	4.8	7.1	9.1	3.0	14.0	30.6	54.6	38.4
Lachlan Olbrich	SPEND	22	6-8	236	None	Australia	2025	2	55	37.0	2.4	3.0	1.1	2.3	11.2	17.4	12.5	47.0	15.3
Landry Shamet	NY	29	6-5	190	Wichita State	deer	2018	1	26	51.0	9.3	1.8	1.4	8.1	1.9	5.8	15.1	59.8	8.4
Larry Nance Jr.	CLE	33	6-6	245	Wyoming	deer	2015	1	27	35.0	3.7	2.7	1.0	-2.9	5.8	14.3	13.7	50.5	10.5
Lauri Markkanen	UTA	29	7-1	240	Arizona	Finland	2017	1	7	42.0	26.7	6.9	2.1	-1.5	5.4	13.4	26.9	60.8	10.1
Lawson Lovering	MEM	23	7-0		Utah	deer	Undrafted	Undrafted	Undrafted	2.0	7.0	7.5	1.5	-0.1	10.5	18.8	10.6	57.4	7.0
LeBron James	LAL	41	6-9	250	None	deer	2003	1	1	60.0	20.9	6.1	7.2	2.6	2.3	16.0	26.2	59.4	33.8
Leaky Black	WAS	27	6-6	209	North Carolina	deer	Undrafted	Undrafted	Undrafted	15.0	7.1	5.0	1.5	-9.9	3.2	14.0	11.3	49.8	6.4
Leonard Miller	SPEND	22	6-10	220	None	Canada	2023	2	33	46.0	7.8	3.9	0.9	-2.5	7.3	15.8	17.6	63.3	7.7
Liam McNeeley	CHA	20	6-7	210	Connecticut	deer	2025	1	29	31.0	4.3	2.4	0.8	1.6	3.4	16.7	14.4	58.8	9.6
Lindy Waters III	SAS	28	6-5	210	Oklahoma State	deer	Undrafted	Undrafted	Undrafted	40.0	2.4	0.7	0.5	-1.6	1.0	8.7	14.1	53.2	9.0
Lonzo Ball	CLE	28	6-5	190	UCLA	deer	2017	1	2	35.0	4.6	4.0	3.9	1.3	3.2	14.8	13.0	43.2	23.6
Lucas Williamson	MEM	27	6-4	205	Loyola (IL)	deer	Undrafted	Undrafted	Undrafted	7.0	10.4	5.4	2.6	-24.5	4.2	12.7	15.9	46.5	10.8
Luguentz There	OKC	27	6-4	220	Arizona State	Canada	Undrafted	Undrafted	Undrafted	69.0	8.3	3.6	1.2	8.0	3.0	9.4	13.9	52.4	5.9
Luka Doncic	LAL	27	6-8	230	None	Slovenia	2018	1	3	64.0	33.5	7.7	8.3	3.8	1.9	19.4	36.8	61.6	38.7
Luka Garza	BOS	27	6-10	243	Iowa	deer	2021	2	52	69.0	8.1	4.1	1.0	5.8	12.9	11.0	16.8	68.2	8.5
Luke Kennard	LAL	29	6-5	206	Duke	deer	2017	1	12	78.0	8.4	2.3	2.2	0.5	1.9	8.6	13.1	68.9	13.9
Luke Corn	SAS	30	7-1	250	Vanderbilt	deer	Undrafted	Undrafted	Undrafted	68.0	6.5	6.1	1.9	3.9	11.6	14.7	10.0	68.9	11.4
Luke Travers	CLE	24	6-6	207	None	Australia	2022	2	56	12.0	2.3	2.0	0.8	-13.2	6.9	13.3	16.1	35.0	12.3
Mac McClung	SPEND	27	6-2	185	Texas Tech	deer	Undrafted	Undrafted	Undrafted	11.0	6.1	0.9	0.9	-9.4	1.2	6.3	19.9	50.1	9.6
Malachi Smith	BKN	26	6-4	205	Gonzaga	deer	Undrafted	Undrafted	Undrafted	15.0	8.3	3.4	3.3	-13.2	3.2	12.3	13.6	60.5	20.4
Big Branham	WAS	23	6-4	180	Ohio State	deer	2022	1	20	28.0	4.6	1.6	0.8	-8.8	3.9	11.3	17.7	60.4	13.1
Malevy Leon	GSW	26	6-9	210	Bradley	Netherlands	Undrafted	Undrafted	Undrafted	25.0	3.3	2.1	0.9	-10.6	10.6	8.9	13.7	51.6	11.7
Malik Monk	SAC	28	6-3	200	Kentucky	deer	2017	1	11	62.0	12.5	1.9	3.0	-8.3	1.0	7.1	23.4	56.8	20.8
MarJon Beauchamp	PHI	25	6-7	199	None	deer	2022	1	24	14.0	6.8	2.3	1.1	-4.0	3.3	11.4	20.3	56.3	10.9
Marcus Sasser	THE	25	6-1	195	Houston	deer	2023	1	25	38.0	5.2	1.0	2.0	13.4	1.6	7.0	19.7	53.3	21.7
Marcus Smart	LAL	32	6-3	220	Oklahoma State	deer	2014	1	6	62.0	9.3	2.8	3.0	6.8	2.2	7.7	15.1	54.3	13.3
Mark Sears	MIL	24	6-0	185	Alabama	deer	Undrafted	Undrafted	Undrafted	7.0	3.1	0.3	0.3	21.4	5.3	4.5	34.4	66.6	12.5
Mark Williams	PHX	24	7-1	240	Duke	deer	2022	1	15	60.0	11.7	8.0	1.0	-2.0	12.4	20.1	16.7	68.0	6.4
Markelle Fultz	TOR	28	6-4	209	Washington	deer	2017	1	1	5.0	0.8	0.2	1.6	-40.2	0.0	2.5	16.3	18.2	30.8
Marvin Bagley III	FROM THE	27	6-10	235	Duke	deer	2018	1	2	60.0	10.5	6.1	1.4	-9.1	11.6	17.1	18.0	66.1	10.7
Mason Plumlee	SAS	36	7-0	254	Duke	deer	2013	1	22	20.0	1.6	2.7	1.0	-2.2	9.9	22.4	7.4	76.9	14.5
Matthew Buzelis	SPEND	21	6-8	196	None	deer	2024	1	11	77.0	16.3	5.8	2.1	-6.3	3.3	15.2	22.3	58.6	10.3
Matisse Thybulle	BY	29	6-5	202	Washington	deer	2019	1	20	30.0	5.8	2.0	0.9	9.0	3.3	8.7	14.4	60.0	7.9
Max Christie	FROM THE	23	6-5	190	Michigan State	deer	2022	2	35	77.0	12.3	3.2	2.0	-6.9	0.6	9.7	16.2	60.1	9.5
Max Shulga	BOS	23	6-4	210	Virginia Commonwealth	Ukraine	2025	2	57	11.0	0.6	0.5	0.2	-7.6	7.0	8.3	12.8	39.4	8.7
Max Strus	CLE	30	6-5	215	DePaul	deer	Undrafted	Undrafted	Undrafted	12.0	11.2	5.4	2.0	0.3	3.1	18.0	17.0	60.9	11.3
Maxi Adhesive	LAL	34	6-10	240	None	Germany	Undrafted	Undrafted	Undrafted	43.0	2.0	2.0	0.6	3.1	8.4	10.7	9.2	50.9	7.5
Maxime Raynaud	SAC	23	7-1	250	Stanford	France	2025	2	42	74.0	12.5	7.5	1.4	-10.9	7.0	21.1	17.8	61.9	7.4
Micah Peavy	NOP	24	6-7	215	Georgetown	deer	2025	2	40	61.0	4.3	1.9	1.0	-4.1	4.6	7.3	13.5	45.5	8.9
Micah Potter	IN	28	6-9	248	Wisconsin	deer	Undrafted	Undrafted	Undrafted	47.0	9.7	5.0	1.5	-6.4	6.1	19.3	17.4	67.9	11.1
Michael Porter Jr.	BKN	27	6-10	218	Missouri	deer	2018	1	14	52.0	24.2	7.1	3.0	-6.6	4.0	18.8	29.2	59.5	16.5
Mikal Bridges	NYK	29	6-6	209	Villanova	USA	2018	1	10	82.0	14.4	3.8	3.7	6.0	2.9	8.5	17.0	58.7	15.8
Mike Conley	MIN	38	6-1	175	Ohio State	USA	2007	1	4	54.0	4.5	1.7	2.9	0.2	1.7	7.4	11.3	51.7	20.5
Miles Bridges	CHA	28	6-7	225	Michigan State	USA	2018	1	12	77.0	17.1	5.8	3.2	3.5	3.0	15.5	22.1	57.0	15.4
Miles Kelly	DAL	23	6-4	190	Auburn	USA	Undrafted	Undrafted	Undrafted	14.0	3.1	1.7	0.9	-5.1	3.2	12.7	14.4	48.4	13.3
Miles McBride	NYK	25	6-2	195	West Virginia	USA	2021	2	36	41.0	12.0	2.4	2.6	9.5	2.0	6.8	17.4	57.8	13.6
Mitchell Robinson	NYK	28	7-0	240	Western Kentucky	USA	2018	2	36	60.0	5.7	8.8	0.9	7.8	20.1	22.7	10.2	67.6	5.8
Mo Bamba	UTA	28	7-0	231	Texas	USA	2018	1	6	4.0	2.5	5.5	0.3	-13.3	20.8	22.6	12.3	45.5	3.7
Mohamed Diawara	NYK	21	6-9	225	None	France	2025	2	51	69.0	3.6	1.4	0.8	5.3	2.4	12.5	16.9	55.0	11.4
Monte Morris	IND	30	6-2	183	Iowa State	USA	2017	2	51	6.0	3.0	1.2	1.5	-20.9	1.2	8.0	14.1	41.4	29.0
Moritz Wagner	ORL	29	6-11	245	Michigan	Germany	2018	1	25	36.0	6.9	3.2	0.8	-10.0	5.6	20.7	23.7	54.5	10.7
Moses Moody	GSW	24	6-5	211	Arkansas	USA	2021	1	14	60.0	12.1	3.3	1.6	2.2	3.1	9.2	17.4	60.0	9.3
Mouhamadou Gueye	CHI	27	6-9	210	Pittsburgh	USA	Undrafted	Undrafted	Undrafted	2.0	8.0	3.0	3.0	-17.3	3.9	7.8	13.8	62.7	16.2
Mouhamed Gueye	ATL	23	6-11	210	Washington State	Senegal	2023	2	39	77.0	4.4	3.6	0.9	2.3	7.1	15.1	12.0	53.9	7.6
Moussa Cisse	DAL	23	6-11	220	Memphis	Guinea	Undrafted	Undrafted	Undrafted	38.0	4.5	5.7	0.2	0.5	15.0	21.5	13.6	56.4	2.3
Moussa Diabaté	CHA	24	6-10	210	Michigan	France	2022	2	43	73.0	7.9	8.7	1.9	10.5	13.9	19.1	11.2	65.3	9.9
Myles Turner	MIL	30	6-11	250	Texas	USA	2015	1	11	71.0	11.9	5.3	1.5	-6.2	3.9	15.2	18.1	58.4	7.9
Myron Gardner	MIA	25	6-5	220	Arkansas-Little Rock	USA	Undrafted	Undrafted	Undrafted	45.0	3.6	2.7	1.0	8.4	7.9	19.3	13.9	60.6	14.3
N'Faly Dante	ATL	24	6-11	230	Oregon	Mali	Undrafted	Undrafted	Undrafted	4.0	0.8	1.8	0.0	22.4	16.7	25.0	11.9	33.8	0.0
Nae'Qwan Tomlin	CLE	25	6-8	210	Memphis	USA	Undrafted	Undrafted	Undrafted	64.0	5.8	2.9	0.8	3.6	8.1	9.4	15.1	54.9	7.1
Naji Marshall	DAL	28	6-6	220	Xavier	USA	Undrafted	Undrafted	Undrafted	74.0	15.2	4.7	3.3	-4.6	2.8	12.0	20.0	59.2	16.2
Nate Williams	GSW	27	6-5	205	Buffalo	USA	Undrafted	Undrafted	Undrafted	14.0	8.0	2.1	1.0	-15.1	7.9	4.6	19.2	59.2	8.3
Naz Reid	MIN	26	6-9	264	Louisiana State	USA	Undrafted	Undrafted	Undrafted	77.0	13.6	6.2	2.2	3.2	4.2	18.7	21.2	56.5	12.4
Neemias Queta	BOS	26	7-0	248	Utah State	Portugal	2021	2	39	76.0	10.2	8.4	1.7	13.2	11.8	19.4	14.5	67.4	9.1
Nic Claxton	BKN	27	6-11	215	Georgia	USA	2019	2	31	69.0	11.7	6.9	3.7	-12.9	8.4	16.7	17.5	59.2	21.6
Nick Richards	CHI	28	6-11	245	Kentucky	Jamaica	2020	2	42	48.0	5.8	5.1	0.3	-8.4	10.3	22.1	17.6	56.2	3.3
Nick Smith Jr.	LAL	22	6-2	185	Arkansas	USA	2023	1	27	30.0	6.2	0.8	1.0	-1.1	0.9	5.4	21.2	55.2	12.7
Nickeil Alexander-Walker	ATL	27	6-5	205	Virginia Tech	Canada	2019	1	17	78.0	20.8	3.4	3.7	4.0	1.9	7.9	23.0	61.0	15.5
Nicolas Batum	LAC	37	6-7	230	None	France	2008	1	25	74.0	4.0	2.5	0.9	-0.5	1.8	11.9	9.2	60.3	6.9
Nigel Hayes-Davis	PHX	31	6-7	254	Wisconsin	USA	Undrafted	Undrafted	Undrafted	27.0	1.3	1.2	0.3	-17.7	5.7	11.3	11.6	35.6	5.5
Nikola Jokić	DEN	31	6-11	284	None	Serbia	2014	2	41	65.0	27.7	12.9	10.7	10.8	8.9	27.0	28.9	67.0	45.8
Nikola Jović	MIA	23	6-10	205	None	Serbia	2022	1	27	47.0	7.3	3.3	2.2	-0.8	2.8	13.7	20.3	48.0	17.3
Nikola Topić	OKC	20	6-6	200	None	Serbia	2024	1	12	10.0	5.2	1.9	4.4	-13.7	4.1	7.5	20.4	48.9	38.3
Nikola Vučević	BOS	35	6-9	265	Southern California	Montenegro	2011	1	16	64.0	15.1	8.4	3.3	-1.7	6.7	21.1	21.3	57.4	17.5
Nique Clifford	SAC	24	6-5	175	Colorado State	USA	2025	1	24	75.0	8.6	3.8	2.4	-4.5	3.4	11.5	16.7	50.5	13.0
Noa Essengue	CHI	19	6-8	194	None	France	2025	1	12	2.0	0.0	0.0	0.0	-111.4	0.0	0.0	18.8	0.0	0.0
Noah Clowney	BKN	21	6-10	210	Alabama	USA	2023	1	21	66.0	12.3	4.1	1.6	-8.7	2.9	12.8	20.2	55.4	9.5
Noah Penda	ORL	21	6-7	215	None	France	2025	2	32	59.0	3.8	3.2	1.2	-3.0	8.1	15.9	14.0	50.6	12.4
Nolan Traore	BKN	20	6-3	185	None	France	2025	1	19	56.0	8.9	1.8	3.8	-10.5	1.1	7.3	22.4	47.9	26.5
Norchad Omier	LAC	24	6-7	248	Miami	Nicaragua	Undrafted	Undrafted	Undrafted	6.0	2.8	1.2	0.3	-54.8	12.9	20.0	18.0	75.1	18.2
Norman Powell	MIA	33	6-3	215	UCLA	USA	2015	2	46	58.0	21.7	3.5	2.5	0.6	1.2	9.7	26.2	60.9	12.3
OG Anunoby	NYK	28	6-7	240	Indiana	United Kingdom	2017	1	23	67.0	16.7	5.2	2.2	9.2	3.9	11.6	19.4	62.0	9.0
Obi Toppin	IND	28	6-9	220	Dayton	USA	2020	1	8	24.0	11.6	4.4	2.3	-3.6	3.0	20.6	24.1	63.6	19.3
Ochai Agbaji	BKN	26	6-5	215	Kansas	USA	2022	1	14	62.0	5.1	2.3	0.8	-2.7	4.6	9.6	14.2	52.5	7.0
Olivier Sarr	CLE	27	6-10	240	Kentucky	France	Undrafted	Undrafted	Undrafted	4.0	3.5	2.8	1.3	26.5	6.9	19.6	10.8	76.1	14.3
Olivier-Maxence Prosper	MEM	23	6-7	230	Marquette	Canada	2023	1	24	53.0	10.0	3.5	1.0	-9.7	5.7	12.7	18.3	66.2	7.7
Omer Yurtseven	GSW	27	6-11	275	Georgetown	Turkey	Undrafted	Undrafted	Undrafted	9.0	3.8	3.3	0.9	-5.7	13.3	16.7	16.7	50.1	10.3
Onyeka Okongwu	ATL	25	6-10	240	Southern California	USA	2020	1	6	74.0	15.2	7.6	3.1	2.1	5.8	17.8	18.9	59.2	14.0
Orlando Robinson	ORL	25	6-10	235	Fresno State	USA	Undrafted	Undrafted	Undrafted	4.0	1.8	1.0	0.8	-22.4	6.9	12.5	8.1	70.0	15.8
Oscar Tshiebwe	UTA	26	6-8	255	Kentucky	DRC	Undrafted	Undrafted	Undrafted	27.0	7.8	6.6	1.2	-8.0	15.1	22.4	16.2	63.3	10.1
Oso Ighodaro	PHX	23	6-11	235	Marquette	USA	2024	2	40	82.0	6.5	5.1	2.3	5.1	7.1	15.8	12.0	63.6	13.9
Ousmane Dieng	MIL	23	6-9	185	None	France	2022	1	11	57.0	7.6	3.2	2.4	-8.6	2.6	13.6	19.2	51.6	18.5
P.J. Washington	DAL	27	6-7	230	Kentucky	USA	2019	1	12	56.0	14.2	7.0	1.8	-7.3	4.5	16.2	19.4	53.7	8.2
PJ Hall	CHA	24	6-8	245	Clemson	USA	Undrafted	Undrafted	Undrafted	19.0	4.5	3.9	0.5	-5.4	14.6	18.0	17.0	59.9	7.7
Pacôme Dadiet	NYK	20	6-9	210	None	France	2024	1	25	29.0	1.7	0.9	0.4	-1.7	2.7	15.6	16.7	45.4	13.0
Paolo Banchero	ORL	23	6-10	250	Duke	USA	2022	1	1	72.0	22.2	8.4	5.2	-0.2	3.4	20.4	27.4	56.6	23.5
Pascal Siakam	IND	32	6-8	245	New Mexico State	Cameroon	2016	1	27	62.0	24.0	6.6	3.8	-5.6	4.1	15.1	29.2	56.2	19.0
Pat Connaughton	CHA	33	6-5	209	Notre Dame	USA	2015	2	41	42.0	2.6	1.5	0.4	-4.3	4.7	15.3	15.0	58.6	11.0
Pat Spencer	GSW	29	6-2	205	Northwestern	USA	Undrafted	Undrafted	Undrafted	66.0	7.2	2.4	3.5	-3.4	4.1	9.1	18.5	51.6	27.0
Patrick Baldwin Jr.	SAC	23	7-0	220	Wisconsin-Milwaukee	USA	2022	1	28	9.0	3.7	2.6	0.6	-17.2	10.3	11.0	14.2	54.9	7.2
Patrick Williams	CHI	24	6-6	235	Florida State	USA	2020	1	4	72.0	7.0	3.0	1.5	-11.0	3.0	10.6	15.9	49.4	10.1
Paul George	PHI	36	6-8	230	Fresno State	USA	2010	1	10	37.0	17.3	5.3	3.6	3.6	1.7	14.7	22.9	57.0	17.5
Paul Reed	DET	27	6-9	210	DePaul	USA	2020	2	58	65.0	7.8	4.5	1.2	8.1	14.2	17.6	20.0	65.0	13.4
Payton Pritchard	BOS	28	6-1	195	Oregon	USA	2020	1	26	79.0	17.0	3.9	5.2	8.0	2.6	9.0	21.0	58.4	23.4
Payton Sandfort	OKC	23	6-7	215	Iowa	USA	Undrafted	Undrafted	Undrafted	4.0	8.8	2.5	0.0	-14.0	1.4	14.5	18.6	63.0	0.0
Pelle Larsson	MIA	25	6-5	215	Arizona	Sweden	2024	2	44	70.0	11.4	3.5	3.4	2.4	3.5	8.8	16.5	60.5	16.3
Pete Nance	MIL	26	6-9	225	Northwestern	USA	Undrafted	Undrafted	Undrafted	47.0	5.4	2.7	1.0	-5.2	3.8	13.5	13.2	63.9	9.2
Peyton Watson	DEN	23	6-8	200	UCLA	USA	2022	1	30	54.0	14.6	4.9	2.1	6.2	3.3	12.7	20.4	59.4	9.6
Precious Achiuwa	SAC	26	6-8	243	Memphis	Nigeria	2020	1	20	73.0	10.1	6.7	1.4	-7.2	9.8	18.0	17.2	55.8	8.2
Quentin Grimes	PHI	26	6-5	207	Houston	USA	2021	1	25	75.0	13.4	3.6	3.3	-0.1	2.0	9.6	18.3	58.5	15.9
Quenton Jackson	IND	27	6-4	173	Texas A&M	USA	Undrafted	Undrafted	Undrafted	49.0	9.1	2.3	2.9	-3.8	3.0	9.2	20.0	58.9	22.7
Quinten Post	GSW	26	7-0	238	Boston College	Netherlands	2024	2	52	67.0	7.7	4.0	1.4	2.3	5.7	16.5	18.3	56.0	11.6
RJ Barrett	TOR	25	6-6	214	Duke	Canada	2019	1	3	57.0	19.3	5.3	3.3	4.9	3.3	14.1	25.4	58.5	15.7
Rasheer Fleming	PHX	21	6-9	240	St. Joseph's (PA)	USA	2025	2	31	55.0	4.3	2.3	0.3	6.1	8.0	9.9	15.9	51.7	3.3
RayJ Dennis	ATL	25	6-1	180	Baylor	USA	Undrafted	Undrafted	Undrafted	17.0	4.4	1.5	1.9	-14.2	3.0	8.1	19.5	42.5	26.0
Rayan Rupert	MEM	22	6-7	205	None	France	2023	2	43	64.0	5.2	2.9	1.1	-13.6	4.0	12.9	14.8	49.3	9.3
Reed Sheppard	HOU	21	6-2	185	Kentucky	USA	2024	1	3	82.0	13.5	2.9	3.4	4.3	1.2	9.2	21.0	56.4	18.3
Riley Minix	CLE	25	6-7	230	Morehead State	USA	Undrafted	Undrafted	Undrafted	9.0	3.9	0.7	0.6	20.8	4.2	6.6	17.6	72.0	10.4
Rob Dillingham	CHI	21	6-2	175	Kentucky	USA	2024	1	8	65.0	6.3	2.0	2.2	-7.4	1.8	10.5	21.8	46.9	20.6
Robert Williams III	POR	28	6-9	249	Texas A&M	USA	2018	1	27	59.0	6.7	7.0	1.0	3.4	13.3	25.0	12.9	72.2	8.9
Rocco Zikarsky	MIN	19	7-3	227	None	Australia	2025	2	45	5.0	2.8	2.8	0.4	6.2	6.7	24.5	13.1	71.7	6.7
Ron Harper Jr.	BOS	26	6-5	233	Rutgers	USA	Undrafted	Undrafted	Undrafted	29.0	4.2	1.7	0.8	2.7	4.3	10.1	15.8	55.0	10.0
Ronald Holland II	DET	20	6-8	206	None	USA	2024	1	5	78.0	8.2	4.0	1.2	5.7	5.2	14.1	18.4	52.5	8.8
Royce O'Neale	PHX	33	6-6	226	Baylor	USA	Undrafted	Undrafted	Undrafted	78.0	9.8	4.8	2.7	-3.6	2.5	13.9	13.9	59.6	12.9
Rudy Gobert	MIN	33	7-1	258	None	France	2013	1	27	76.0	10.9	11.5	1.7	5.0	12.1	22.2	12.7	66.4	7.4
Rui Hachimura	LAL	28	6-8	230	Gonzaga	Japan	2019	1	9	68.0	11.5	3.3	0.8	2.0	2.3	9.4	14.9	62.0	4.1
Russell Westbrook	SAC	37	6-4	200	UCLA	USA	2008	1	4	64.0	15.2	5.4	6.7	-12.1	4.2	14.7	25.2	52.8	33.0
Ryan Dunn	PHX	23	6-7	216	Virginia	USA	2024	1	28	70.0	5.8	4.2	1.5	1.7	6.8	14.2	13.6	53.2	10.5
Ryan Kalkbrenner	CHA	24	7-1	256	Creighton	USA	2025	2	34	69.0	7.6	5.5	0.8	1.1	10.9	13.3	11.3	76.2	5.3
Ryan Nembhard	DAL	23	5-11	180	Gonzaga	Canada	Undrafted	Undrafted	Undrafted	60.0	6.6	2.2	5.3	-1.9	1.1	9.5	17.3	49.2	35.3
Ryan Rollins	MIL	23	6-3	180	Toledo	USA	2022	2	44	74.0	17.3	4.6	5.6	-3.2	2.3	11.5	23.6	58.3	26.4
Saddiq Bey	NOP	27	6-8	215	Villanova	USA	2020	1	19	72.0	17.7	5.6	2.5	-3.6	5.1	12.0	21.3	57.9	12.0
Sam Hauser	BOS	28	6-7	217	Virginia	USA	Undrafted	Undrafted	Undrafted	78.0	9.2	3.8	1.5	8.8	2.8	11.8	14.1	59.0	7.7
Sam Merrill	CLE	30	6-4	205	Utah State	USA	2020	2	60	52.0	12.8	2.6	2.4	7.7	2.0	7.2	16.7	64.4	11.9
Sandro Mamukelashvili	TOR	27	6-9	240	Seton Hall	Georgia	2021	2	54	80.0	11.2	4.9	1.9	5.3	6.0	16.3	18.1	63.7	12.3
Santi Aldama	MEM	25	7-0	215	Loyola-Maryland	Spain	2021	1	30	43.0	14.0	6.7	2.9	-2.4	5.2	17.1	19.1	57.2	15.3
Scoot Henderson	POR	22	6-3	207	None	USA	2023	1	3	30.0	14.2	2.7	3.7	3.2	2.2	7.8	24.6	55.3	23.1
Scottie Barnes	TOR	24	6-8	237	Florida State	USA	2021	1	4	80.0	18.1	7.5	5.9	4.6	5.5	16.6	22.6	57.7	25.5
Scotty Pippen Jr.	MEM	25	6-2	170	Vanderbilt	USA	Undrafted	Undrafted	Undrafted	10.0	11.4	2.2	4.7	-11.5	3.5	6.5	25.5	53.7	32.4
Sean Pedulla	LAC	23	6-1	195	Mississippi	USA	Undrafted	Undrafted	Undrafted	7.0	1.9	0.4	0.7	-30.0	0.0	13.0	21.9	43.3	29.4
Seth Curry	GSW	35	6-1	185	Duke	USA	Undrafted	Undrafted	Undrafted	10.0	7.1	1.2	1.0	-3.0	2.9	7.5	16.9	65.4	10.6
Shaedon Sharpe	POR	23	6-5	210	Kentucky	Canada	2022	1	7	50.0	20.8	4.3	2.6	-1.3	3.2	10.4	29.3	54.6	15.1
Shai Gilgeous-Alexander	OKC	27	6-6	195	Kentucky	Canada	2018	1	11	68.0	31.1	4.3	6.6	16.3	1.7	10.0	32.3	66.5	33.2
Sharife Cooper	WAS	25	6-0	176	Auburn	USA	2021	2	48	41.0	8.1	2.1	3.0	-11.7	2.5	9.8	19.7	60.9	25.6
Sidy Cissoko	POR	22	6-6	220	None	France	2023	2	44	75.0	5.1	2.2	1.5	-1.7	4.1	7.1	12.3	51.4	10.7
Simone Fontecchio	MIA	30	6-7	209	None	Italy	Undrafted	Undrafted	Undrafted	70.0	8.5	3.0	1.4	3.3	4.2	11.8	18.4	57.9	12.1
Sion James	CHA	23	6-5	220	Duke	USA	2025	2	33	82.0	5.4	3.5	2.0	3.3	2.6	12.4	10.9	53.1	12.1
Skal Labissiere	WAS	30	6-10	235	Kentucky	Haiti	2016	1	28	3.0	4.3	3.0	1.0	4.0	7.0	14.6	11.7	65.0	11.5
Spencer Jones	DEN	24	6-7	225	Stanford	USA	Undrafted	Undrafted	Undrafted	64.0	5.5	3.3	0.8	1.6	5.5	9.0	9.7	61.9	4.7
Stanley Umude	SAS	27	6-6	210	Arkansas	USA	Undrafted	Undrafted	Undrafted	2.0	1.0	0.0	0.5	-109.5	0.0	0.0	14.3	50.0	33.3
Stephen Curry	GSW	38	6-2	185	Davidson	USA	2009	1	7	43.0	26.6	3.6	4.7	2.8	1.3	10.0	30.8	63.7	24.5
Stephon Castle	SAS	21	6-6	215	Connecticut	USA	2024	1	4	68.0	16.7	5.3	7.4	9.8	4.7	11.9	24.3	57.5	34.4
Steven Adams	HOU	32	6-11	265	Pittsburgh	New Zealand	2013	1	12	32.0	5.8	8.6	1.5	11.8	18.9	16.5	11.6	53.5	8.4
Svi Mykhailiuk	UTA	29	6-7	205	Kansas	Ukraine	2018	2	47	50.0	9.4	2.5	1.9	-3.0	2.9	7.4	14.3	62.6	10.7
T.J. McConnell	IND	34	6-1	190	Arizona	USA	2015	0		56.0	9.4	2.2	5.1	-7.6	2.2	10.4	22.7	56.7	46.9
Taelon Peter	IND	24	6-3	185	Liberty	USA	2025	2	54	38.0	4.5	1.6	1.1	-8.7	1.9	9.6	15.9	51.8	11.3
Taj Gibson	MEM	40	6-9	232	Southern California	USA	2009	1	26	10.0	3.4	2.7	0.6	-4.7	9.2	15.2	12.3	57.6	9.2
Tari Eason	HOU	25	6-8	215	Louisiana State	USA	2022	1	17	60.0	10.5	6.3	1.5	6.5	7.7	15.6	18.1	51.4	7.8
Taurean Prince	MIL	32	6-6	218	Baylor	USA	2016	1	12	26.0	9.2	3.1	1.8	-3.8	0.7	12.5	15.7	61.7	10.2
Taylor Hendricks	MEM	22	6-9	215	Central Florida	USA	2023	1	9	59.0	7.4	3.7	0.9	-10.7	5.4	14.1	15.7	56.6	7.0
Terance Mann	BKN	29	6-6	215	Florida State	USA	2019	2	48	63.0	7.2	3.2	3.0	-8.2	4.4	8.9	13.3	56.4	18.2
Terrence Shannon Jr.	MIN	25	6-6	215	Illinois	USA	2024	1	27	43.0	5.6	1.1	0.9	-8.5	1.8	7.4	17.1	59.7	10.2
Thanasis Antetokounmpo	MIL	33	6-7	219	None	Greece	2014	2	51	34.0	1.4	0.9	0.4	3.1	7.1	12.5	15.4	52.0	17.2
Thomas Bryant	CLE	28	6-9	248	Indiana	USA	2017	2	42	60.0	6.2	3.4	0.6	3.6	7.4	18.4	18.2	62.5	6.7
Tidjane Salaün	CHA	20	6-10	207	None	France	2024	1	6	37.0	6.0	4.0	0.7	2.1	4.4	20.5	14.7	62.9	7.1
Tim Hardaway Jr.	DEN	34	6-5	205	Michigan	USA	2013	1	24	80.0	13.5	2.6	1.4	4.5	0.8	8.2	17.7	62.4	7.0
Tobias Harris	DET	33	6-8	226	Tennessee	USA	2011	1	19	63.0	13.3	5.1	2.5	10.0	3.0	14.5	18.1	57.4	12.0
Toby Okani	MEM	24	6-8	210	West Virginia	USA	Undrafted	Undrafted	Undrafted	6.0	10.0	3.5	1.0	-28.1	3.4	5.3	14.2	40.8	3.9
Tolu Smith	DET	25	6-11		Mississippi State	USA	Undrafted	Undrafted	Undrafted	15.0	3.7	3.3	0.9	2.3	16.1	21.1	17.7	56.9	14.3
Tony Bradley	ATL	28	6-10	248	North Carolina	USA	2017	1	28	41.0	4.0	2.8	0.5	-14.2	11.1	13.3	13.6	59.6	7.7
Tosan Evbuomwan	CHA	25	6-8	217	Princeton	United Kingdom	Undrafted	Undrafted	Undrafted	5.0	0.0	0.4	0.0	-50.0	9.1	8.3	4.8	0.0	0.0
Toumani Camara	POR	26	6-7	230	Dayton	Belgium	2023	2	52	82.0	13.4	5.1	2.5	1.3	4.3	10.3	16.0	57.8	10.3
Trae Young	WAS	27	6-2	164	Oklahoma	USA	2018	1	5	15.0	17.9	2.0	8.0	-8.1	0.9	6.7	26.2	61.2	44.0
Trayce Jackson-Davis	TOR	26	6-9	245	Indiana	USA	2023	2	57	53.0	3.4	2.7	0.7	-7.6	12.4	15.8	14.2	57.8	12.2
Tre Johnson	WAS	20	6-5	190	Texas	USA	2025	1	6	60.0	12.2	2.8	2.0	-11.2	1.8	9.3	22.0	53.5	12.2
Tre Jones	CHI	26	6-1	190	Duke	USA	2020	2	41	65.0	14.1	3.1	5.4	-3.8	2.0	8.8	18.6	63.7	28.4
Tre Mann	CHA	25	6-4	178	Florida	USA	2021	1	18	53.0	5.5	1.7	1.6	-10.1	2.8	11.4	23.1	46.2	22.3
Trendon Watford	PHI	25	6-8	245	Louisiana State	USA	Undrafted	Undrafted	Undrafted	53.0	6.5	3.3	2.5	-9.1	4.1	14.6	17.0	57.3	22.9
Trentyn Flowers	CHI	21	6-9	185	None	USA	Undrafted	Undrafted	Undrafted	2.0	2.0	0.5	0.5	-18.2	10.0	0.0	25.0	66.7	50.0
Trevon Scott	BKN	29	6-8	225	Cincinnati	USA	Undrafted	Undrafted	Undrafted	6.0	8.0	5.2	1.7	-16.9	5.3	13.3	13.6	45.6	7.8
Trevor Keels	MIA	22	6-3	215	Duke	USA	2022	2	42	8.0	1.0	0.3	0.0	17.7	0.0	8.3	26.1	33.3	0.0
Trey Alexander	NOP	23	6-5	185	Creighton	USA	Undrafted	Undrafted	Undrafted	9.0	5.2	1.2	1.0	-7.0	0.8	8.3	14.8	59.9	10.7
Trey Jemison III	NYK	26	6-10	270	Alabama-Birmingham	USA	Undrafted	Undrafted	Undrafted	13.0	1.0	1.4	0.4	-16.8	8.6	11.8	9.9	62.3	8.8
Trey Murphy III	NOP	25	6-8	206	Virginia	USA	2021	1	17	66.0	21.5	5.7	3.8	-3.6	2.6	13.1	22.3	61.3	16.0
Tristan Enaruna	CLE	24	6-7	220	Cleveland State	Netherlands	Undrafted	Undrafted	Undrafted	9.0	4.1	1.6	0.8	21.7	9.6	8.5	16.0	58.7	10.1
Tristan Vukcevic	WAS	23	7-0	220	None	Italy	2023	2	42	49.0	9.0	3.0	1.1	-15.1	4.6	16.2	25.9	60.3	13.3
Tristan da Silva	ORL	25	6-8	217	Colorado	Germany	2024	1	18	77.0	9.9	3.7	1.6	1.6	3.0	11.5	16.0	57.6	9.2
Tristen Newton	HOU	25	6-5	190	Connecticut	USA	2024	2	49	1.0	12.0	3.0	0.0	8.0	14.3	7.7	34.5	58.1	0.0
Ty Jerome	MEM	28	6-5	195	Virginia	USA	2019	1	24	15.0	19.7	2.8	5.7	-5.0	3.5	9.3	33.2	61.6	40.9
TyTy Washington Jr.	LAC	24	6-3	195	Kentucky	USA	2022	1	29	16.0	1.3	0.4	1.1	-18.1	1.3	6.9	11.3	55.3	28.3
Tyler Burton	MEM	26	6-7	215	Richmond	USA	Undrafted	Undrafted	Undrafted	12.0	10.8	4.2	1.0	-22.3	2.3	13.7	18.0	52.1	6.2
Tyler Herro	MIA	26	6-5	195	Kentucky	USA	2019	1	13	33.0	20.5	4.8	4.1	-2.0	1.3	12.9	24.8	60.2	19.9
Tyler Kolek	NYK	25	6-2	195	Marquette	USA	2024	2	34	62.0	4.4	1.6	2.7	6.0	2.1	10.8	17.3	53.3	32.8
Tyler Smith	DAL	21	6-9	224	None	USA	2024	2	33	12.0	4.7	2.8	0.4	-4.1	5.9	11.7	13.5	53.2	4.1
Tyrese Martin	PHI	27	6-6	215	Connecticut	USA	2022	2	51	46.0	6.3	2.5	1.7	-10.9	4.0	11.2	17.8	50.1	16.3
Tyrese Maxey	PHI	25	6-2	200	Kentucky	USA	2020	1	21	70.0	28.3	4.1	6.6	1.5	0.8	9.6	28.6	58.8	28.8
Tyrese Proctor	CLE	22	6-4	185	Duke	Australia	2025	2	49	50.0	5.4	1.3	1.5	-0.3	1.9	9.2	21.4	55.6	19.6
Tyson Etienne	BKN	26	6-0	200	Wichita State	USA	Undrafted	Undrafted	Undrafted	24.0	7.9	1.1	1.7	-12.2	1.3	6.0	19.8	58.8	17.0
Tyus Jones	DEN	30	6-0	196	Duke	USA	2015	1	24	67.0	3.0	1.1	2.4	-6.1	1.1	6.5	10.3	44.8	22.2
VJ Edgecombe	PHI	20	6-4	190	Baylor	USA	2025	1	3	75.0	16.0	5.6	4.2	0.9	4.4	11.1	19.6	54.0	17.2
Victor Wembanyama	SAS	22	7-4	235	None	France	2023	1	1	64.0	25.0	11.5	3.1	17.0	7.1	28.5	31.6	62.6	17.0
Vince Williams Jr.	UTA	25	6-4	205	Va Commonwealth	USA	2022	2	47	40.0	7.5	3.9	4.2	0.3	4.4	12.3	19.0	47.8	28.1
Vladislav Goldin	MIA	25	7-0	250	Michigan	Russia	Undrafted	Undrafted	Undrafted	9.0	0.8	1.0	0.3	16.3	11.1	21.4	10.1	78.8	13.6
Vít Krejčí	POR	25	6-8	195	None	Czech Republic	2020	2	37	65.0	8.5	2.3	1.5	-1.1	2.0	8.1	14.2	60.9	9.9
Walker Kessler	UTA	24	7-2	245	Auburn	USA	2022	1	22	5.0	14.4	10.8	3.0	4.8	14.9	18.3	16.7	78.6	15.5
Walter Clayton Jr.	MEM	23	6-4	195	Florida	USA	2025	1	18	69.0	7.8	2.0	4.0	-9.6	1.7	8.1	18.1	52.3	27.4
Wendell Carter Jr.	ORL	27	6-10	270	Duke	USA	2018	1	7	78.0	11.8	7.4	2.0	2.2	7.0	17.7	15.6	61.7	9.5
Wendell Moore Jr.	DET	24	6-5	215	Duke	USA	2022	1	26	6.0	1.7	1.0	0.7	34.6	2.0	8.5	6.6	63.5	6.8
Will Richard	GSW	23	6-3	206	Florida	USA	2025	2	56	69.0	6.4	2.5	1.3	-3.3	4.5	7.8	12.3	59.6	9.4
Will Riley	WAS	20	6-9	180	Illinois-Urbana-Champaign	USA	2025	1	21	74.0	10.3	2.9	2.0	-14.1	3.3	9.7	19.6	54.8	13.1
Xavier Tillman	CHA	27	6-8	245	Michigan State	USA	2020	2	35	30.0	1.5	1.4	0.4	-4.9	9.8	13.6	12.7	46.1	11.3
Yang Hansen	POR	20	7-1	270	None	China	2025	1	16	43.0	2.2	1.5	0.5	-15.1	6.3	13.9	19.6	41.3	11.1
Yanic Konan Niederhäuser	LAC	23	6-11	242	Penn State	Switzerland	2025	1	30	41.0	4.3	2.9	0.3	4.5	9.6	17.6	15.3	69.1	4.1
Yuki Kawamura	CHI	25	5-7	159	None	Japan	Undrafted	Undrafted	Undrafted	18.0	3.4	1.8	2.6	-2.3	3.2	11.8	13.3	51.4	26.6
Yves Missi	NOP	22	6-11	235	Baylor	Cameroon	2024	1	21	66.0	5.7	5.8	1.3	-1.3	12.8	14.7	12.2	55.6	8.7
Zaccharie Risacher	ATL	21	6-8	200	None	France	2024	1	1	67.0	9.6	3.8	1.1	0.2	4.4	12.1	16.8	55.7	6.8
Zach Collins	CHI	28	6-9	240	Gonzaga	USA	2017	1	10	10.0	9.7	5.6	1.5	3.4	8.1	20.5	17.7	66.6	11.4
Zach Edey	MEM	24	7-3	305	Purdue	Canada	2024	1	9	11.0	13.6	11.1	1.1	18.3	14.8	24.3	20.0	66.9	6.1
Zach LaVine	SAC	31	6-5	200	UCLA	USA	2014	1	13	39.0	19.2	2.8	2.3	-12.6	0.6	8.3	23.4	61.4	11.1
Zeke Nnaji	DEN	25	6-10	240	Arizona	USA	2020	1	22	52.0	3.7	2.6	0.6	-6.6	5.3	14.7	13.6	55.8	6.9
Ziaire Williams	BKN	24	6-9	185	Stanford	USA	2021	1	10	56.0	10.2	2.4	1.1	-10.1	2.2	8.4	17.9	57.9	7.6
Zion Williamson	NOP	25	6-6	284	Duke	USA	2019	1	1	62.0	21.0	5.7	3.2	-1.9	6.4	11.6	25.0	64.4	17.4
Zyon Pullin	MIN	25	6-4	206	Florida	USA	Undrafted	Undrafted	Undrafted	5.0	4.6	0.6	1.8	2.5	3.0	3.5	16.7	77.9	28.1